pmid	first_author	year	journal	kind	topics	title	why
38396040	Wang	2024	Nat Protoc	protocol	alternative_splicing	rMATS-turbo: an efficient and flexible computational tool for alternative splicing analysis of large-scale RNA-seq data	대규모 데이터용 rMATS-turbo 분석 프로토콜
36869033	Vaquero-Garcia	2023	Nat Commun	method	alternative_splicing	RNA splicing analysis using heterogeneous and large RNA-seq datasets	이질적 대규모 데이터용 MAJIQ v2
37020334	Jiang	2023	Brief Bioinform	benchmark	alternative_splicing	A comprehensive benchmarking of differential splicing tools for RNA-seq analysis at the event level	이벤트 수준 차등 스플라이싱 도구 벤치마크
36762203	Gilis	2021	F1000Res	method	alternative_splicing	satuRn: Scalable analysis of differential transcript usage for bulk and single-cell RNA-sequencing applications	벌크·단일세포용 확장형 DTU 분석
31802105	Mehmood	2020	Brief Bioinform	benchmark	alternative_splicing	Systematic evaluation of differential splicing tools for RNA-seq studies	차등 스플라이싱 도구 체계적 비교
30989184	Vitting-Seerup	2019	Bioinformatics	method	alternative_splicing,long_read_transcriptomics	IsoformSwitchAnalyzeR: analysis of changes in genome-wide patterns of alternative splicing and its functional consequences	isoform 전환과 기능적 결과 분석
29571299	Trincado	2018	Genome Biol	method	alternative_splicing	SUPPA2: fast, accurate, and uncertainty-aware differential splicing analysis across multiple conditions	전사체 정량 기반 PSI·차등 스플라이싱(SUPPA2)
30356428	Love	2018	F1000Res	protocol	alternative_splicing,bulk_rna_seq	Swimming downstream: statistical analysis of differential transcript usage following Salmon quantification	Salmon 정량 뒤 DTU·DTE 분석 워크플로
29229983	Li	2017	Nat Genet	method	alternative_splicing	Annotation-free quantification of RNA splicing using LeafCutter	주석 없이 인트론 클러스터로 스플라이싱 정량(LeafCutter)
26813113	Soneson	2016	Genome Biol	benchmark	alternative_splicing	Isoform prefiltering improves performance of count-based methods for analysis of differential transcript usage	DTU 방법 비교와 isoform 사전 필터링 효과
26829591	Vaquero-Garcia	2016	Elife	method	alternative_splicing	A new view of transcriptome complexity and regulation through the lens of local splicing variations	국소 스플라이싱 변이(LSV) 정량(MAJIQ)
28105305	Nowicka	2016	F1000Res	method	alternative_splicing	DRIMSeq: a Dirichlet-multinomial framework for multivariate count outcomes in genomics	디리클레-다항 모형 기반 DTU 검정
25480548	Shen	2014	Proc Natl Acad Sci U S A	method	alternative_splicing	rMATS: robust and flexible detection of differential alternative splicing from replicate RNA-Seq data	반복 시료 기반 차등 스플라이싱 이벤트 검출(rMATS)
23222703	Trapnell	2013	Nat Biotechnol	method	alternative_splicing,bulk_rna_seq	Differential analysis of gene regulation at transcript resolution with RNA-seq	전사체 해상도 차등 분석(Cuffdiff2)
22722343	Anders	2012	Genome Res	method	alternative_splicing	Detecting differential usage of exons from RNA-seq data	엑손 사용 차이 검정(DEXSeq)
20436464	Trapnell	2010	Nat Biotechnol	method	alternative_splicing,bulk_rna_seq	Transcript assembly and quantification by RNA-Seq reveals unannotated transcripts and isoform switching during cell differentiation	전사체 조립·isoform 정량(Cufflinks)
21057496	Katz	2010	Nat Methods	method	alternative_splicing	Analysis and design of RNA sequencing experiments for identifying isoform regulation	베이즈 isoform·PSI 추정(MISO)과 실험 설계
18978772	Wang	2008	Nature	landmark	alternative_splicing	Alternative isoform regulation in human tissue transcriptomes	인간 조직 전반의 대체 isoform 조절을 RNA-seq로 규명
18978789	Pan	2008	Nat Genet	landmark	alternative_splicing	Deep surveying of alternative splicing complexity in the human transcriptome by high-throughput sequencing	인간 유전자 대부분이 대체 스플라이싱됨을 보인 RNA-seq 조사
35039521	Nearing	2022	Nat Commun	benchmark	amplicon_sequencing,metagenomic_taxonomy	Microbiome differential abundance methods produce different results across 38 datasets.	차등 존재비 방법들이 결과가 크게 다름을 보이고 합의 접근을 권고
34789871	Mirzayi	2021	Nat Med	guideline	amplicon_sequencing,metagenomic_taxonomy,metagenomic_functional_profiling	Reporting guidelines for human microbiome research: the STORMS checklist.	인간 마이크로바이옴 연구의 보고 항목을 정한 STORMS 체크리스트
31945086	Prodan	2020	PLoS One	benchmark	amplicon_sequencing	Comparing bioinformatic pipelines for microbial 16S rRNA amplicon sequencing.	DADA2·UNOISE·Deblur·OTU 파이프라인을 모의군집으로 비교
32483366	Douglas	2020	Nat Biotechnol	method	amplicon_sequencing,metagenomic_functional_profiling	PICRUSt2 for prediction of metagenome functions.	16S 마커에서 기능 존재비를 추론하는 도구와 그 한계
32665548	Lin	2020	Nat Commun	method	amplicon_sequencing,metagenomic_taxonomy	Analysis of compositions of microbiomes with bias correction.	표본별 편향을 보정하는 차등 존재비 검정 ANCOM-BC
32859275	Lu	2020	Microbiome	method	amplicon_sequencing,metagenomic_taxonomy	Ultrafast and accurate 16S rRNA microbial community analysis using Kraken 2.	16S 앰플리콘 분류에 Kraken 2·Bracken을 적용해 정확도를 검증
33193131	Straub	2020	Front Microbiol	benchmark	amplicon_sequencing	Interpretations of Environmental Microbial Community Studies Are Biased by the Selected 16S rRNA (Gene) Amplicon Sequencing Pipeline.	파이프라인 선택이 결과를 바꾼다는 비교와 nf-core/ampliseq 제시
31341288	Bolyen	2019	Nat Biotechnol	protocol	amplicon_sequencing	Reproducible, interactive, scalable and extensible microbiome data science using QIIME 2.	출처 추적이 되는 앰플리콘 분석 표준 플랫폼
29773078	Bokulich	2018	Microbiome	method	amplicon_sequencing	Optimizing taxonomic classification of marker-gene amplicon sequences with QIIME 2's q2-feature-classifier plugin.	앰플리콘 분류기 설정을 벤치마크로 최적화한 근거
29795328	Knight	2018	Nat Rev Microbiol	guideline	amplicon_sequencing,metagenomic_taxonomy,metagenomic_functional_profiling	Best practices for analysing microbiomes.	실험 설계부터 앰플리콘·샷건 분석과 통계까지 모범 사례를 정리
30497919	Eisenhofer	2018	Trends Microbiol	guideline	amplicon_sequencing,metagenomic_taxonomy	Contamination in Low Microbial Biomass Microbiome Studies: Issues and Recommendations.	저바이오매스 시료의 오염 대조와 보고 권고안
30558668	Davis	2018	Microbiome	method	amplicon_sequencing,metagenomic_taxonomy	Simple statistical identification and removal of contaminant sequences in marker-gene and metagenomics data.	음성 대조군과 DNA 농도로 오염 서열을 찾는 decontam
28253908	Weiss	2017	Microbiome	benchmark	amplicon_sequencing	Normalization and microbial differential abundance strategies depend upon data characteristics.	정규화·차등 존재비 전략을 데이터 특성별로 비교
28289731	Amir	2017	mSystems	method	amplicon_sequencing	Deblur Rapidly Resolves Single-Nucleotide Community Sequence Patterns.	오류 프로파일로 단일염기 해상도 서열을 얻는 디노이징 방법
28731476	Callahan	2017	ISME J	guideline	amplicon_sequencing	Exact sequence variants should replace operational taxonomic units in marker-gene data analysis.	OTU 대신 ASV를 써야 하는 근거를 제시한 입장 논문
28928718	Hugerth	2017	Front Microbiol	review	amplicon_sequencing	Analysing Microbial Community Composition through Amplicon Sequencing: From Sampling to Hypothesis Testing.	샘플링부터 가설 검정까지 앰플리콘 분석 전 과정 리뷰
29187837	Gloor	2017	Front Microbiol	review	amplicon_sequencing,metagenomic_taxonomy	Microbiome Datasets Are Compositional: And This Is Not Optional.	조성 데이터라서 로그비 변환 기반 분석이 필요하다는 근거
27214047	Callahan	2016	Nat Methods	method	amplicon_sequencing	DADA2: High-resolution sample inference from Illumina amplicon data.	오류 모델로 앰플리콘 서열 변이(ASV)를 추론하는 표준 방법
24699258	McMurdie	2014	PLoS Comput Biol	guideline	amplicon_sequencing	Waste not, want not: why rarefying microbiome data is inadmissible.	희박화(rarefying)가 차등 검정에 부적절함을 보인 논문
23955772	Edgar	2013	Nat Methods	method	amplicon_sequencing	UPARSE: highly accurate OTU sequences from microbial amplicon reads.	키메라 제거와 OTU 군집화의 대표 방법
22933715	Klindworth	2012	Nucleic Acids Res	benchmark	amplicon_sequencing	Evaluation of general 16S ribosomal RNA gene PCR primers for classical and next-generation sequencing-based diversity studies.	16S 프라이머 쌍의 범위를 평가해 프라이머 선택 근거를 제시
23193283	Quast	2012	Nucleic Acids Res	method	amplicon_sequencing	The SILVA ribosomal RNA gene database project: improved data processing and web-based tools.	16S/18S 분류 참조로 쓰는 SILVA rRNA DB
19801464	Schloss	2009	Appl Environ Microbiol	method	amplicon_sequencing	Introducing mothur: open-source, platform-independent, community-supported software for describing and comparing microbial communities.	앰플리콘 처리의 고전적 표준 플랫폼 mothur
39255248	Cheng	2024	Genomics Proteomics Bioinformatics	review	atac_seq,cut_and_run	Review and Evaluate the Bioinformatics Analysis Strategies of ATAC-seq and CUT&Tag Data.	ATAC-seq·CUT&Tag 분석 전략 리뷰와 평가
37274120	Wolpe	2023	NAR Genom Bioinform	method	atac_seq	Correction of transposase sequence bias in ATAC-seq data with rule ensemble modeling.	ATAC-seq 전위효소 서열 편향 보정
35478247	Grandi	2022	Nat Protoc	protocol	atac_seq	Chromatin accessibility profiling by ATAC-seq.	ATAC-seq 실험과 분석을 함께 다룬 Nat Protoc 표준 절차
35874611	Naval-Sanchez	2022	Front Mol Biosci	benchmark	atac_seq	Benchmarking of ATAC Sequencing Data From BGI's Low-Cost DNBSEQ-G400 Instrument for Identification of Open and Occupied Chromatin Regions.	DNBSEQ 플랫폼 ATAC-seq 데이터 벤치마크
34273560	Liu	2021	Genomics Proteomics Bioinformatics	method	atac_seq	AIAP: A Quality Control and Integrative Analysis Package to Improve ATAC-seq Data Analysis.	ATAC-seq QC·통합 분석 패키지 AIAP
34859208	Smith	2021	NAR Genom Bioinform	method	atac_seq	PEPATAC: an optimized pipeline for ATAC-seq data analysis with serial alignments.	순차 정렬을 쓰는 ATAC-seq 파이프라인 PEPATAC
32014034	Yan	2020	Genome Biol	review	atac_seq	From reads to insight: a hitchhiker's guide to ATAC-seq data analysis.	ATAC-seq 분석 전 과정(QC·피크·차등·풋프린팅) 실무 가이드
32213349	Orchard	2020	Cell Syst	method	atac_seq	Quantification, Dynamic Visualization, and Validation of Bias in ATAC-Seq Data with ataqv.	ATAC-seq 편향 정량·시각화 QC 도구 ataqv
32321567	Reske	2020	Epigenetics Chromatin	benchmark	atac_seq	ATAC-seq normalization method can significantly affect differential accessibility analysis and interpretation.	ATAC-seq 정규화 방법이 차등 접근성 결과를 바꾼다는 비교
32543102	Smith	2020	Curr Protoc Hum Genet	review	atac_seq	Analytical Approaches for ATAC-seq Data Analysis.	ATAC-seq 분석 단계별 도구 선택을 정리한 리뷰
32576878	Gontarz	2020	Sci Rep	benchmark	atac_seq	Comparison of differential accessibility analysis strategies for ATAC-seq data.	ATAC-seq 차등 접근성 분석 전략 비교
32848148	Bentsen	2020	Nat Commun	method	atac_seq	ATAC-seq footprinting unravels kinetics of transcription factor binding during zygotic genome activation.	Tn5 편향을 보정하는 ATAC-seq 풋프린팅 도구 TOBIAS
30675018	Klemm	2019	Nat Rev Genet	review	atac_seq	Chromatin accessibility and the regulatory epigenome.	크로마틴 접근성 측정법과 조절 후성유전체 리뷰
30808370	Li	2019	Genome Biol	method	atac_seq	Identification of transcription factor binding sites using ATAC-seq.	ATAC-seq 전사인자 결합 부위 풋프린팅(HINT-ATAC)
31199868	Tarbell	2019	Nucleic Acids Res	method	atac_seq	HMMRATAC: a Hidden Markov ModeleR for ATAC-seq.	ATAC-seq 단편 길이를 쓰는 HMM 피크 호출기 HMMRATAC
29490630	Ou	2018	BMC Genomics	method	atac_seq	ATACseqQC: a Bioconductor package for post-alignment quality assessment of ATAC-seq data.	TSS 농축·단편 길이 등 ATAC-seq 정렬 후 품질 지표(ATACseqQC)
30361341	Corces	2018	Science	landmark	atac_seq	The chromatin accessibility landscape of primary human cancers.	TCGA 원발암 ATAC-seq 대규모 접근성 지도
28846090	Corces	2017	Nat Methods	protocol	atac_seq	An improved ATAC-seq protocol reduces background and enables interrogation of frozen tissues.	배경 신호를 줄이고 냉동 조직에도 쓰는 Omni-ATAC 개선 프로토콜
25559105	Buenrostro	2015	Curr Protoc Mol Biol	protocol	atac_seq	ATAC-seq: A Method for Assaying Chromatin Accessibility Genome-Wide.	ATAC-seq 실험 절차를 단계별로 정리한 표준 프로토콜
26314830	Schep	2015	Genome Res	method	atac_seq	Structured nucleosome fingerprints enable high-resolution mapping of chromatin architecture within regulatory regions.	ATAC-seq 단편으로 뉴클레오솜 위치를 찾는 NucleoATAC
24097267	Buenrostro	2013	Nat Methods	landmark	atac_seq	Transposition of native chromatin for fast and sensitive epigenomic profiling of open chromatin, DNA-binding proteins and nucleosome position.	Tn5 전위로 열린 크로마틴·뉴클레오솜 위치를 읽는 ATAC-seq 원논문
32559359	Prjibelski	2020	Curr Protoc Bioinformatics	protocol	bacterial_genome_assembly,de_novo_genome_assembly,metagenome_assembly	Using SPAdes De Novo Assembler.	SPAdes 계열 조립기 사용 프로토콜
32753501	Petit	2020	mSystems	method	bacterial_genome_assembly	Bactopia: a Flexible Pipeline for Complete Analysis of Bacterial Genomes.	세균 유전체 QC·조립·주석을 묶은 파이프라인 Bactopia
30286803	Souvorov	2018	Genome Biol	method	bacterial_genome_assembly	SKESA: strategic k-mer extension for scrupulous assemblies.	세균 isolate용 보수적 short-read 조립기 SKESA(NCBI 표준)
30504855	Jain	2018	Nat Commun	landmark	bacterial_genome_assembly,metagenome_binning	High throughput ANI analysis of 90K prokaryotic genomes reveals clear species boundaries.	ANI 95% 종 경계를 제시한 대규모 FastANI 분석
28594827	Wick	2017	PLoS Comput Biol	method	bacterial_genome_assembly,ont_long_read,de_novo_genome_assembly	Unicycler: Resolving bacterial genome assemblies from short and long sequencing reads	숏리드+롱리드 하이브리드 세균 조립 Unicycler
24034426	Koren	2013	Genome Biol	landmark	bacterial_genome_assembly,pacbio_long_read,de_novo_genome_assembly	Reducing assembly complexity of microbial genomes with single-molecule sequencing.	장독 시퀀싱으로 미생물 유전체를 완결할 수 있는 조건을 정리한 연구
32055031	Ewels	2020	Nat Biotechnol	method	bulk_rna_seq,chip_seq,atac_seq,cut_and_run,dna_methylation,hi_c	The nf-core framework for community-curated bioinformatics pipelines	nf-core rnaseq 등 커뮤니티 표준 파이프라인 체계
33015620	Zhang	2020	NAR Genom Bioinform	method	bulk_rna_seq	ComBat-seq: batch effect adjustment for RNA-seq count data	RNA-seq count용 배치 효과 보정
30395178	Zhu	2019	Bioinformatics	method	bulk_rna_seq	Heavy-tailed prior distributions for sequence count data: removing the noise and preserving large differences	로그 배수변화 수축 추정(apeglm)
31341269	Stark	2019	Nat Rev Genet	review	bulk_rna_seq,long_read_transcriptomics,alternative_splicing	RNA sequencing: the teenage years	짧은·긴 리드 RNA-seq 기술과 분석 흐름의 현황 리뷰
31375807	Kim	2019	Nat Biotechnol	method	bulk_rna_seq	Graph-based genome alignment and genotyping with HISAT2 and HISAT-genotype	그래프 기반 스플라이스 정렬기 HISAT2
28263959	Patro	2017	Nat Methods	method	bulk_rna_seq,alternative_splicing	Salmon provides fast and bias-aware quantification of transcript expression	편향 보정을 갖춘 정렬 없는 전사체 정량
28484260	Everaert	2017	Sci Rep	benchmark	bulk_rna_seq	Benchmarking of RNA-sequencing analysis workflows using whole-transcriptome RT-qPCR expression data	RT-qPCR 기준으로 RNA-seq 정량 워크플로를 비교한 벤치마크
29267363	Costa-Silva	2017	PLoS One	review	bulk_rna_seq	RNA-Seq differential expression analysis: An extended review and a software tool	RNA-seq DE 파이프라인 조합을 비교한 확장 리뷰
26813401	Conesa	2016	Genome Biol	review	bulk_rna_seq,alternative_splicing	A survey of best practices for RNA-seq data analysis	RNA-seq 설계부터 정렬·정량·DE·스플라이싱까지 단계별 모범 절차 리뷰
27022035	Schurch	2016	RNA	benchmark	bulk_rna_seq	How many biological replicates are needed in an RNA-seq experiment and which differential expression tool should you use?	반복수와 DE 도구 선택을 실측으로 정한 설계 기준
27043002	Bray	2016	Nat Biotechnol	method	bulk_rna_seq	Near-optimal probabilistic RNA-seq quantification	pseudoalignment 기반 빠른 전사체 정량(kallisto)
27312411	Ewels	2016	Bioinformatics	method	bulk_rna_seq,metatranscriptomics,germline_wgs_wes,somatic_wgs_wes	MultiQC: summarize analysis results for multiple tools and samples in a single report	여러 도구의 QC 결과를 한 보고서로 묶는 표준 도구
27441086	Law	2016	F1000Res	protocol	bulk_rna_seq	RNA-seq analysis is easy as 1-2-3 with limma, Glimma and edgeR	limma·edgeR 기반 RNA-seq 분석 실습 워크플로
27560171	Pertea	2016	Nat Protoc	protocol	bulk_rna_seq,alternative_splicing	Transcript-level expression analysis of RNA-seq experiments with HISAT, StringTie and Ballgown	HISAT-StringTie-Ballgown 전사체 수준 분석 프로토콜
25605792	Ritchie	2015	Nucleic Acids Res	method	bulk_rna_seq,microarray_expression	limma powers differential expression analyses for RNA-sequencing and microarray studies	마이크로어레이와 RNA-seq 모두에 쓰는 선형모형 DE 분석 정본
25690850	Pertea	2015	Nat Biotechnol	method	bulk_rna_seq,alternative_splicing,genome_annotation	StringTie enables improved reconstruction of a transcriptome from RNA-seq reads	짧은 리드 전사체 조립·정량(StringTie)
26674615	Love	2015	F1000Res	protocol	bulk_rna_seq	RNA-Seq workflow: gene-level exploratory analysis and differential expression	Bioconductor 유전자 수준 탐색·DE 워크플로
26925227	Soneson	2015	F1000Res	method	bulk_rna_seq,alternative_splicing	Differential analyses for RNA-seq: transcript-level estimates improve gene-level inferences	전사체 추정치를 유전자 수준 DE로 모으는 tximport 절차
24485249	Law	2014	Genome Biol	method	bulk_rna_seq	voom: Precision weights unlock linear model analysis tools for RNA-seq read counts	평균-분산 가중치로 RNA-seq count에 limma 선형모형을 쓰게 한 방법
25150838	SEQC/MAQC-III Consortium	2014	Nat Biotechnol	benchmark	bulk_rna_seq,microarray_expression	A comprehensive assessment of RNA-seq accuracy, reproducibility and information content by the Sequencing Quality Control Consortium	SEQC 컨소시엄의 RNA-seq 정확도·재현성 및 어레이 비교 평가
25516281	Love	2014	Genome Biol	method	bulk_rna_seq,metatranscriptomics	Moderated estimation of fold change and dispersion for RNA-seq data with DESeq2	음이항 모형과 수축 추정으로 count 기반 DE를 정한 표준 도구
23497356	Soneson	2013	BMC Bioinformatics	benchmark	bulk_rna_seq	A comparison of methods for differential expression analysis of RNA-seq data	RNA-seq DE 방법 11종 비교 벤치마크
23975260	Anders	2013	Nat Protoc	protocol	bulk_rna_seq	Count-based differential expression analysis of RNA sequencing data using R and Bioconductor	DESeq·edgeR count 기반 DE 분석 단계별 프로토콜
24227677	Liao	2013	Bioinformatics	method	bulk_rna_seq	featureCounts: an efficient general purpose program for assigning sequence reads to genomic features	정렬 리드를 유전자에 할당하는 표준 count 도구
23104886	Dobin	2012	Bioinformatics	method	bulk_rna_seq,alternative_splicing	STAR: ultrafast universal RNA-seq aligner	스플라이스 인식 RNA-seq 정렬의 표준 정렬기
20196867	Robinson	2010	Genome Biol	method	bulk_rna_seq,metatranscriptomics	A scaling normalization method for differential expression analysis of RNA-seq data	TMM 라이브러리 크기 정규화
19015660	Wang	2009	Nat Rev Genet	landmark	bulk_rna_seq,microarray_expression	RNA-Seq: a revolutionary tool for transcriptomics	RNA-seq의 원리와 어레이 대비 장점을 정리한 기초 리뷰
19910308	Robinson	2009	Bioinformatics	method	bulk_rna_seq,metatranscriptomics	edgeR: a Bioconductor package for differential expression analysis of digital gene expression data	음이항 경험적 베이즈 DE 분석의 기준 패키지
18516045	Mortazavi	2008	Nat Methods	landmark	bulk_rna_seq	Mapping and quantifying mammalian transcriptomes by RNA-Seq	RNA-seq 정량(RPKM)을 처음 정의한 논문
16199517	Subramanian	2005	Proc Natl Acad Sci U S A	method	bulk_rna_seq,microarray_expression	Gene set enrichment analysis: a knowledge-based approach for interpreting genome-wide expression profiles	발현 프로파일 해석용 유전자 집합 농축 분석(GSEA)
40155863	Su	2025	BMC Genomics	method	chip_seq,atac_seq	Copy number normalization distinguishes differential signals driven by copy number differences in ATAC-seq and ChIP-seq.	복제수 차이를 분리하는 ATAC/ChIP-seq 정규화
35606795	Eder	2022	Genome Biol	benchmark	chip_seq	Comprehensive assessment of differential ChIP-seq tools guides optimal algorithm selection.	차등 ChIP-seq 도구 33종 평가와 선택 지침
34284136	Qiu	2021	Genomics Proteomics Bioinformatics	method	chip_seq,atac_seq	CoBRA: Containerized Bioinformatics Workflow for Reproducible ChIP/ATAC-seq Analysis.	재현 가능한 ChIP/ATAC-seq 컨테이너 워크플로 CoBRA
32240773	Nakato	2020	Methods	review	chip_seq	Methods for ChIP-seq analysis: A practical workflow and advanced applications.	ChIP-seq 분석 실무 워크플로와 응용 리뷰
32728249	ENCODE Project Consortium	2020	Nature	landmark	chip_seq,atac_seq	Expanded encyclopaedias of DNA elements in the human and mouse genomes.	ENCODE 3단계 인간·생쥐 DNA 요소 백과
31249361	Amemiya	2019	Sci Rep	guideline	chip_seq,atac_seq,cut_and_run	The ENCODE Blacklist: Identification of Problematic Regions of the Genome.	신호 아티팩트 영역을 거르는 ENCODE 블랙리스트
27169896	Thomas	2017	Brief Bioinform	benchmark	chip_seq	Features that define the best ChIP-seq peak calling algorithms.	좋은 ChIP-seq 피크 호출기의 조건을 비교한 벤치마크
26764273	Steinhauser	2016	Brief Bioinform	benchmark	chip_seq	A comprehensive comparison of tools for differential ChIP-seq analysis.	차등 ChIP-seq 도구 종합 비교
27079975	Ramírez	2016	Nucleic Acids Res	method	chip_seq,atac_seq,cut_and_run	deepTools2: a next generation web server for deep-sequencing data analysis.	커버리지 정규화·QC·히트맵용 deepTools2
25693563	Roadmap Epigenomics Consortium	2015	Nature	landmark	chip_seq,dna_methylation,multi_omics_integration	Integrative analysis of 111 reference human epigenomes.	Roadmap 참조 후성유전체 111개 통합 분석
25765347	Yu	2015	Bioinformatics	method	chip_seq,atac_seq,cut_and_run	ChIPseeker: an R/Bioconductor package for ChIP peak annotation, comparison and visualization.	피크 주석·비교·시각화 패키지 ChIPseeker
26578583	Lun	2015	Nucleic Acids Res	method	chip_seq,atac_seq,cut_and_run	csaw: a Bioconductor package for differential binding analysis of ChIP-seq data using sliding windows.	슬라이딩 윈도 차등 결합 분석 패키지 csaw
24347632	Marinov	2014	G3 (Bethesda)	benchmark	chip_seq	Large-scale quality analysis of published ChIP-seq data.	공개 ChIP-seq 데이터 대규모 품질 분석
24598259	Jung	2014	Nucleic Acids Res	benchmark	chip_seq	Impact of sequencing depth in ChIP-seq experiments.	시퀀싱 깊이가 ChIP-seq 피크 검출에 주는 영향
24782889	Carroll	2014	Front Genet	benchmark	chip_seq	Impact of artifact removal on ChIP quality metrics in ChIP-seq and ChIP-exo data.	아티팩트 제거가 ChIP-seq·ChIP-exo 품질 지표에 주는 영향
25437568	Orlando	2014	Cell Rep	method	chip_seq	Quantitative ChIP-Seq normalization reveals global modulation of the epigenome.	스파이크인(ChIP-Rx) 정량 정규화
24244136	Bailey	2013	PLoS Comput Biol	guideline	chip_seq	Practical guidelines for the comprehensive analysis of ChIP-seq data.	ChIP-seq 종합 분석의 실무 가이드라인
22217937	Ross-Innes	2012	Nature	method	chip_seq,atac_seq	Differential oestrogen receptor binding is associated with clinical outcome in breast cancer.	복제 기반 차등 결합 분석(DiffBind)을 도입한 논문
22373907	Ernst	2012	Nat Methods	method	chip_seq	ChromHMM: automating chromatin-state discovery and characterization.	히스톤 마크 조합으로 크로마틴 상태를 나누는 ChromHMM
22388286	Langmead	2012	Nat Methods	method	chip_seq,atac_seq,cut_and_run	Fast gapped-read alignment with Bowtie 2.	짧은 리드 정렬 표준 도구 Bowtie 2
22522655	Chen	2012	Nat Methods	benchmark	chip_seq	Systematic evaluation of factors influencing ChIP-seq fidelity.	ChIP-seq 정확도에 영향을 주는 요인 체계적 평가
22955616	ENCODE Project Consortium	2012	Nature	landmark	chip_seq,atac_seq	An integrated encyclopedia of DNA elements in the human genome.	ENCODE 통합 기능 요소 백과와 데이터 처리 기준
22955991	Landt	2012	Genome Res	guideline	chip_seq,atac_seq	ChIP-seq guidelines and practices of the ENCODE and modENCODE consortia.	복제·항체·IDR·품질 기준을 정한 ENCODE ChIP-seq 가이드라인
23090257	Furey	2012	Nat Rev Genet	review	chip_seq	ChIP-seq and beyond: new and improved methodologies to detect and characterize protein-DNA interactions.	ChIP-seq과 후속 방법론 리뷰
22153082	Rhee	2011	Cell	method	chip_seq	Comprehensive genome-wide protein-DNA interactions detected at single-nucleotide resolution.	단일 염기 해상도 결합 위치를 읽는 ChIP-exo
20436461	McLean	2010	Nat Biotechnol	method	chip_seq,atac_seq	GREAT improves functional interpretation of cis-regulatory regions.	원거리 조절 영역 기능 해석 도구 GREAT
20513432	Heinz	2010	Mol Cell	method	chip_seq,atac_seq	Simple combinations of lineage-determining transcription factors prime cis-regulatory elements required for macrophage and B cell identities.	피크 주변 모티프 농축 분석의 표준 도구 HOMER
20628599	Wilbanks	2010	PLoS One	benchmark	chip_seq	Evaluation of algorithm performance in ChIP-seq peak detection.	ChIP-seq 피크 검출 알고리즘 성능 평가
19505939	Zang	2009	Bioinformatics	method	chip_seq	A clustering approach for identification of enriched domains from histone modification ChIP-Seq data.	넓은 히스톤 도메인을 찾는 SICER
19736561	Park	2009	Nat Rev Genet	review	chip_seq	ChIP-seq: advantages and challenges of a maturing technology.	ChIP-seq 기술의 장점과 과제를 정리한 고전 리뷰
19844228	Pepke	2009	Nat Methods	review	chip_seq	Computation for ChIP-seq and RNA-seq studies.	ChIP-seq·RNA-seq 계산 분석 원리 리뷰
18798982	Zhang	2008	Genome Biol	method	chip_seq,atac_seq,cut_and_run	Model-based analysis of ChIP-Seq (MACS).	가장 널리 쓰는 모델 기반 피크 호출기 MACS
19029915	Kharchenko	2008	Nat Biotechnol	method	chip_seq	Design and analysis of ChIP-seq experiments for DNA-binding proteins.	ChIP-seq 실험 설계와 SPP 피크 호출·교차상관 품질 지표
17512414	Barski	2007	Cell	landmark	chip_seq	High-resolution profiling of histone methylations in the human genome.	히스톤 메틸화 ChIP-seq의 첫 고해상도 지도
17540862	Johnson	2007	Science	landmark	chip_seq	Genome-wide mapping of in vivo protein-DNA interactions.	ChIP-seq을 처음 보고한 NRSF 결합 지도
17558387	Robertson	2007	Nat Methods	landmark	chip_seq	Genome-wide profiles of STAT1 DNA association using chromatin immunoprecipitation and massively parallel sequencing.	STAT1 결합을 ChIP-seq으로 그린 초기 논문
42088458	Pham	2026	J Biomol Tech	benchmark	cut_and_run	A side-by-side comparison of commercial CUT&RUN kits.	상용 CUT&RUN 키트 세 종 품질 비교
40569178	Nooranikhojasteh	2025	Bioinformatics	benchmark	cut_and_run	Benchmarking peak calling methods for CUT&RUN.	CUT&RUN 피크 호출 방법 벤치마크
38718209	Nizamuddin	2024	Bioinformatics	method	cut_and_run	greenPipes: an integrated data analysis pipeline for greenCUT&RUN and CUT&RUN genome-localization datasets.	CUT&RUN 데이터 통합 분석 파이프라인 greenPipes
39544184	Xiong	2024	J Biol Methods	review	cut_and_run	The development and application of cleavage under targets and tagmentation (CUT&Tag) technology.	CUT&Tag 기술 발전과 응용 리뷰
37563719	Nordin	2023	Genome Biol	guideline	cut_and_run	The CUT&RUN suspect list of problematic regions of the genome.	CUT&RUN 문제 영역(suspect list) 제외 목록
37739938	Henikoff	2023	Nat Commun	method	cut_and_run	Epigenomic analysis of formalin-fixed paraffin-embedded samples by CUT&Tag.	FFPE 시료 CUT&Tag 후성유전체 분석
37935964	Janssens	2023	Nat Protoc	protocol	cut_and_run	Scalable single-cell profiling of chromatin modifications with sciCUT&Tag.	단일세포 sciCUT&Tag 프로토콜
38105608	Fu	2023	Epigenetics	review	cut_and_run	Cut&tag: a powerful epigenetic tool for chromatin profiling.	CUT&Tag 원리와 응용 리뷰
38129675	Bárcenas-Walls	2023	Nat Protoc	protocol	cut_and_run,single_cell_multiome	Nano-CUT&Tag for multimodal chromatin profiling at single-cell resolution.	단일세포 다중 표지 Nano-CUT&Tag 프로토콜
35300717	Janssens	2022	Genome Biol	method	cut_and_run,atac_seq	CUT&Tag2for1: a modified method for simultaneous profiling of the accessible and silenced regulome in single cells.	접근 영역과 억제 영역을 함께 재는 CUT&Tag2for1
35788238	Yashar	2022	Genome Biol	method	cut_and_run	GoPeaks: histone modification peak calling for CUT&Tag.	CUT&Tag 히스톤 피크 호출기 GoPeaks
36170035	Henikoff	2022	Protein Sci	review	cut_and_run	In situ tools for chromatin structural epigenomics.	CUT&RUN·CUT&Tag 등 in situ 크로마틴 도구 리뷰
36536148	Bartosovic	2022	Nat Biotechnol	method	cut_and_run,single_cell_multiome	Multimodal chromatin profiling using nanobody-based single-cell CUT&Tag.	나노바디 기반 다중 단일세포 CUT&Tag
34244724	Yu	2021	Bioinformatics	method	cut_and_run	CUT&RUNTools 2.0: a pipeline for single-cell and bulk-level CUT&RUN and CUT&Tag data analysis.	bulk·단일세포 CUT&RUN/CUT&Tag 파이프라인 CUT&RUNTools 2.0
34458869	Kong	2021	STAR Protoc	protocol	cut_and_run	A modified CUT&RUN protocol and analysis pipeline to identify transcription factor binding sites in human cell lines.	전사인자 CUT&RUN 수정 프로토콜과 분석 파이프라인
32913232	Kaya-Okur	2020	Nat Protoc	protocol	cut_and_run	Efficient low-cost chromatin profiling with CUT&Tag.	저비용 CUT&Tag 프로토콜
33191916	Henikoff	2020	Elife	method	cut_and_run,atac_seq	Efficient chromatin accessibility mapping in situ by nucleosome-tethered tagmentation.	뉴클레오솜 결합 태그먼테이션으로 접근성을 매핑하는 CUTAC
30688406	Hainer	2019	Curr Protoc Mol Biol	protocol	cut_and_run	High-Resolution Chromatin Profiling Using CUT&RUN.	CUT&RUN 고해상도 프로파일링 프로토콜
31036827	Kaya-Okur	2019	Nat Commun	landmark	cut_and_run	CUT&Tag for efficient epigenomic profiling of small samples and single cells.	CUT&Tag 원논문
31232687	Meers	2019	Elife	method	cut_and_run	Improved CUT&RUN chromatin profiling tools.	pAG-MNase와 대장균 스파이크인 정규화를 다룬 CUT&RUN 개선
31300027	Meers	2019	Epigenetics Chromatin	method	cut_and_run	Peak calling by Sparse Enrichment Analysis for CUT&RUN chromatin profiling.	CUT&RUN 전용 희소 농축 피크 호출기 SEACR
31500663	Zhu	2019	Genome Biol	method	cut_and_run	CUT&RUNTools: a flexible pipeline for CUT&RUN processing and footprint analysis.	CUT&RUN 처리·풋프린트 파이프라인 CUT&RUNTools
29651053	Skene	2018	Nat Protoc	protocol	cut_and_run	Targeted in situ genome-wide profiling with high efficiency for low cell numbers.	저세포 CUT&RUN 표준 프로토콜
30577869	Janssens	2018	Epigenetics Chromatin	method	cut_and_run	Automated in situ chromatin profiling efficiently resolves cell types and gene regulatory programs.	자동화 CUT&RUN(AutoCUT&RUN)
28079019	Skene	2017	Elife	landmark	cut_and_run	An efficient targeted nuclease strategy for high-resolution mapping of DNA binding sites.	CUT&RUN 원논문
15469830	Schmid	2004	Mol Cell	landmark	cut_and_run	ChIC and ChEC; genomic mapping of chromatin proteins.	CUT&RUN의 전신인 ChIC/ChEC 방법
40140633	Guo	2025	Nat Protoc	protocol	de_novo_genome_assembly,ont_long_read,pacbio_long_read	A detailed guide to assessing genome assembly based on long-read sequencing data using Inspector	Inspector로 롱리드 조립 품질을 평가하는 단계별 프로토콜
36525368	Zhou	2023	Bioinformatics	method	de_novo_genome_assembly,hi_c	YaHS: yet another Hi-C scaffolding tool	Hi-C scaffolding 도구 YaHS
35357919	Nurk	2022	Science	landmark	de_novo_genome_assembly,ont_long_read,pacbio_long_read	The complete sequence of a human genome	사람 유전체 최초의 telomere-to-telomere 완전 조립
35776635	Kim	2022	STAR Protoc	protocol	de_novo_genome_assembly,structural_variant_calling,ont_long_read,pacbio_long_read	A beginner's guide to assembling a draft genome and analyzing structural variants with long-read sequencing technologies	롱리드로 초안 조립과 SV 분석을 하는 입문 프로토콜
36261518	Jarvis	2022	Nature	landmark	de_novo_genome_assembly,pacbio_long_read,pangenomics	Semi-automated assembly of high-quality diploid human reference genomes	HPRC 고품질 이배체 사람 유전체를 반자동 조립한 절차
33288906	Porubsky	2021	Nat Biotechnol	method	de_novo_genome_assembly,pacbio_long_read,structural_variant_calling	Fully phased human genome assembly without parental data using single-cell strand sequencing and long reads	Strand-seq와 HiFi로 완전 phased 이배체 조립
33911273	Rhie	2021	Nature	guideline	de_novo_genome_assembly,genome_annotation,pacbio_long_read	Towards complete and error-free genome assemblies of all vertebrate species	척추동물 레퍼런스 조립의 품질 기준과 파이프라인을 제시한 VGP
34320186	Manni	2021	Mol Biol Evol	method	de_novo_genome_assembly,genome_annotation,metagenome_binning	BUSCO Update: Novel and Streamlined Workflows along with Broader and Deeper Phylogenetic Coverage for Scoring of Eukaryotic, Prokaryotic, and Viral Genomes	BUSCO v5 업데이트와 진핵·원핵·바이러스 완전성 평가
34775997	Chen	2021	Genome Biol	method	de_novo_genome_assembly,ont_long_read,pacbio_long_read	Accurate long-read de novo assembly evaluation with Inspector	롱리드로 조립 오류를 찾고 고치는 Inspector
31971576	Guan	2020	Bioinformatics	method	de_novo_genome_assembly	Identifying and removing haplotypic duplication in primary genome assemblies	조립에서 haplotig·중복을 제거하는 purge_dups
32188846	Ranallo-Benavidez	2020	Nat Commun	method	de_novo_genome_assembly	GenomeScope 2.0 and Smudgeplot for reference-free profiling of polyploid genomes	k-mer로 유전체 크기·이형접합도·배수성을 추정하는 GenomeScope 2.0
32928274	Rhie	2020	Genome Biol	method	de_novo_genome_assembly	Merqury: reference-free quality, completeness, and phasing assessment for genome assemblies	k-mer 기반 조립 정확도·완전성·phasing 평가 도구 Merqury
30485757	Rice	2019	Annu Rev Anim Biosci	review	de_novo_genome_assembly,hi_c	New Approaches for Genome Assembly and Scaffolding	조립과 scaffolding 신기술 리뷰
31166948	Ghurye	2019	PLoS Comput Biol	review	de_novo_genome_assembly,hi_c	Modern technologies and algorithms for scaffolding assembled genomes	유전체 scaffolding 기술과 알고리즘 리뷰
31433799	Ghurye	2019	PLoS Comput Biol	method	de_novo_genome_assembly,hi_c	Integrating Hi-C links with assembly graphs for chromosome-scale assembly	Hi-C 링크와 조립 그래프를 결합한 SALSA2 scaffolding
27742661	Sohn	2018	Brief Bioinform	review	de_novo_genome_assembly	The present and future of de novo whole-genome assembly	de novo 전장 유전체 조립의 현재와 미래 리뷰
29686065	Lewin	2018	Proc Natl Acad Sci U S A	guideline	de_novo_genome_assembly,genome_annotation	Earth BioGenome Project: Sequencing life for the future of life	Earth BioGenome Project의 조립·주석 목표와 기준
30107434	Ou	2018	Nucleic Acids Res	method	de_novo_genome_assembly,genome_annotation	Assessing genome assembly quality using the LTR Assembly Index (LAI)	LTR 기반 조립 품질 지표 LAI
30346939	Koren	2018	Nat Biotechnol	method	de_novo_genome_assembly,pacbio_long_read	De novo assembly of haplotype-resolved genomes with trio binning	부모 리드로 자손 haplotype을 나눠 조립하는 trio binning
30497373	Roach	2018	BMC Bioinformatics	method	de_novo_genome_assembly	Purge Haplotigs: allelic contig reassignment for third-gen diploid genome assemblies	이배체 조립의 haplotig 정리 도구 Purge Haplotigs
28336562	Dudchenko	2017	Science	method	de_novo_genome_assembly,hi_c	De novo assembly of the Aedes aegypti genome using Hi-C yields chromosome-length scaffolds	Hi-C로 염색체 수준 scaffold를 만드는 3D-DNA
28369201	Vurture	2017	Bioinformatics	method	de_novo_genome_assembly	GenomeScope: fast reference-free genome profiling from short reads	k-mer 프로파일로 유전체 특성을 추정하는 GenomeScope
25939056	Simpson	2015	Annu Rev Genomics Hum Genet	review	de_novo_genome_assembly	The Theory and Practice of Genome Sequence Assembly	유전체 조립의 이론과 실제를 정리한 리뷰
26059717	Simão	2015	Bioinformatics	method	de_novo_genome_assembly,genome_annotation,bacterial_genome_assembly	BUSCO: assessing genome assembly and annotation completeness with single-copy orthologs	보존 단일복제 유전자로 조립·주석 완전성을 평가하는 BUSCO
25409509	Walker	2014	PLoS One	method	de_novo_genome_assembly,bacterial_genome_assembly	Pilon: an integrated tool for comprehensive microbial variant detection and genome assembly improvement	숏리드로 조립 오류를 고치는 폴리싱 도구 Pilon
23422339	Gurevich	2013	Bioinformatics	method	de_novo_genome_assembly,bacterial_genome_assembly	QUAST: quality assessment tool for genome assemblies	조립 contiguity와 오류를 정량하는 QUAST
23870653	Bradnam	2013	Gigascience	benchmark	de_novo_genome_assembly	Assemblathon 2: evaluating de novo methods of genome assembly in three vertebrate species	여러 팀의 조립 결과를 비교한 Assemblathon 2
22506599	Bankevich	2012	J Comput Biol	method	de_novo_genome_assembly,bacterial_genome_assembly	SPAdes: a new genome assembly algorithm and its applications to single-cell sequencing	de Bruijn 그래프 기반 숏리드 조립기 SPAdes
38412294	Zhou	2024	Nucleic Acids Res	method	dna_methylation	BISCUIT: an efficient, standards-compliant tool suite for simultaneous genetic and epigenetic inference in bulk and single-cell studies.	표준 준수 메틸화 툴킷 BISCUIT
37322153	Wang	2023	Nat Chem Biol	method	dna_methylation	Direct enzymatic sequencing of 5-methylcytosine at single-base resolution.	효소 기반 5mC 직접 시퀀싱
36147684	Gong	2022	Comput Struct Biotechnol J	benchmark	dna_methylation	Benchmarking DNA methylation analysis of 14 alignment algorithms for whole genome bisulfite sequencing in mammals.	WGBS 정렬기 14종 벤치마크
33624017	Nunn	2021	Brief Bioinform	benchmark	dna_methylation	Comprehensive benchmarking of software for mapping whole genome bisulfite data: from read alignment to DNA methylation analysis.	WGBS 정렬~메틸화 분석 소프트웨어 종합 벤치마크
34140313	Vaisvila	2021	Genome Res	method	dna_methylation	Enzymatic methyl sequencing detects DNA methylation at single-base resolution from picograms of DNA.	효소 변환 기반 EM-seq
34360271	Piao	2021	Int J Environ Res Public Health	benchmark	dna_methylation	Comprehensive Evaluation of Differential Methylation Analysis Methods for Bisulfite Sequencing Data.	차등 메틸화 분석 방법 종합 평가
34872606	Foox	2021	Genome Biol	benchmark	dna_methylation	The SEQC2 epigenomics quality control (EpiQC) study.	WGBS·EM-seq·TAPS 등 플랫폼 교차 비교(SEQC2 EpiQC)
30804537	Liu	2019	Nat Biotechnol	method	dna_methylation	Bisulfite-free direct detection of 5-methylcytosine and 5-hydroxymethylcytosine at base resolution.	바이설파이트 없는 5mC/5hmC 검출 TAPS
31831061	Rauluseviciute	2019	Clin Epigenetics	guideline	dna_methylation	DNA methylation data by sequencing: experimental approaches and recommendations for tools and pipelines for data analysis.	시퀀싱 메틸화 실험·도구·파이프라인 권고
28334228	Shafi	2018	Brief Bioinform	review	dna_methylation	A survey of the approaches for identifying differential methylation using bisulfite sequencing data.	바이설파이트 차등 메틸화 접근법 서베이
29544553	Olova	2018	Genome Biol	benchmark	dna_methylation	Comparison of whole-genome bisulfite sequencing library preparation strategies identifies sources of biases affecting DNA methylation data.	WGBS 라이브러리 제작법별 편향 비교
28822795	Wreczycka	2017	J Biotechnol	review	dna_methylation	Strategies for analyzing bisulfite sequencing data.	바이설파이트 데이터 분석 전략 리뷰
26751487	Kurdyukov	2016	Biology (Basel)	review	dna_methylation	DNA Methylation Analysis: Choosing the Right Method.	메틸화 분석법 선택 가이드 리뷰
26819470	Park	2016	Bioinformatics	method	dna_methylation	Differential methylation analysis for BS-seq data under general experimental design.	일반 실험설계용 차등 메틸화 DSS-general
27346250	Libertini	2016	Nat Commun	method	dna_methylation	Information recovery from low coverage whole-genome bisulfite sequencing.	저커버리지 WGBS에서 정보를 복원하는 방법
27347756	BLUEPRINT consortium	2016	Nat Biotechnol	benchmark	dna_methylation	Quantitative comparison of DNA methylation assays for biomarker development and clinical applications.	BLUEPRINT 메틸화 측정법 정량 비교
26515532	Klein	2015	Brief Bioinform	benchmark	dna_methylation	An evaluation of methods to test predefined genomic regions for differential methylation in bisulfite sequencing data.	사전 정의 영역 차등 메틸화 검정 방법 평가
26631489	Jühling	2015	Genome Res	method	dna_methylation	metilene: fast and sensitive calling of differentially methylated regions from bisulfite sequencing data.	빠른 DMR 호출 도구 metilene
24561809	Feng	2014	Nucleic Acids Res	method	dna_methylation	A Bayesian hierarchical model to detect differentially methylated loci from single nucleotide resolution sequencing data.	베이지안 계층 모델로 DML을 찾는 DSS
25362363	Ziller	2014	Nat Methods	benchmark	dna_methylation	Coverage recommendations for methylation analysis by whole-genome bisulfite sequencing.	WGBS 메틸화 분석의 커버리지·복제 수 권고
23828043	Burger	2013	Nucleic Acids Res	method	dna_methylation	Identification of active regulatory regions from DNA methylation data.	메틸롬 분할로 조절 영역을 찾는 MethylSeekR
24206606	Guo	2013	BMC Genomics	method	dna_methylation	BS-Seeker2: a versatile aligning pipeline for bisulfite sequencing data.	바이설파이트 정렬 파이프라인 BS-Seeker2
22290186	Krueger	2012	Nat Methods	protocol	dna_methylation	DNA methylome analysis using short bisulfite sequencing data.	바이설파이트 리드 트리밍·M-bias 등 메틸롬 분석 실무
22539555	Booth	2012	Science	method	dna_methylation	Quantitative sequencing of 5-methylcytosine and 5-hydroxymethylcytosine at single-base resolution.	5mC와 5hmC를 구분하는 oxBS-seq
22608086	Yu	2012	Cell	method	dna_methylation	Base-resolution analysis of 5-hydroxymethylcytosine in the mammalian genome.	5hmC 단일 염기 해상도 TAB-seq
22649061	Miura	2012	Nucleic Acids Res	method	dna_methylation	Amplification-free whole-genome bisulfite sequencing by post-bisulfite adaptor tagging.	무증폭 저입력 WGBS(PBAT)
22986265	Bock	2012	Nat Rev Genet	review	dna_methylation	Analysing and interpreting DNA methylation data.	메틸화 데이터 분석·해석 리뷰(Nat Rev Genet)
23034086	Akalin	2012	Genome Biol	method	dna_methylation	methylKit: a comprehensive R package for the analysis of genome-wide DNA methylation profiles.	메틸화 분석 R 패키지 methylKit
23034175	Hansen	2012	Genome Biol	method	dna_methylation	BSmooth: from whole genome bisulfite sequencing reads to differentially methylated regions.	평활화 기반 WGBS DMR 검출 BSmooth
23131467	Schultz	2012	Trends Genet	review	dna_methylation	'Leveling' the playing field for analyses of single-base resolution DNA methylomes.	단일 염기 메틸롬 분석 표준화 제언
21412275	Gu	2011	Nat Protoc	protocol	dna_methylation	Preparation of reduced representation bisulfite sequencing libraries for genome-scale DNA methylation profiling.	RRBS 라이브러리 제작 프로토콜
21493656	Krueger	2011	Bioinformatics	method	dna_methylation	Bismark: a flexible aligner and methylation caller for Bisulfite-Seq applications.	바이설파이트 정렬·메틸화 호출 표준 도구 Bismark
22170606	Stadler	2011	Nature	landmark	dna_methylation	DNA-binding factors shape the mouse methylome at distal regulatory regions.	LMR·UMR 등 메틸롬 조절 영역 개념을 세운 논문
20125086	Laird	2010	Nat Rev Genet	review	dna_methylation	Principles and challenges of genomewide DNA methylation analysis.	게놈 전체 메틸화 분석의 원리와 과제
19635165	Xi	2009	BMC Bioinformatics	method	dna_methylation	BSMAP: whole genome bisulfite sequence MAPping program.	바이설파이트 리드 매핑 도구 BSMAP
19829295	Lister	2009	Nature	landmark	dna_methylation	Human DNA methylomes at base resolution show widespread epigenomic differences.	단일 염기 해상도 인간 메틸롬을 처음 낸 WGBS
16224102	Meissner	2005	Nucleic Acids Res	landmark	dna_methylation	Reduced representation bisulfite sequencing for comparative high-resolution DNA methylation analysis.	RRBS 원논문
1542678	Frommer	1992	Proc Natl Acad Sci U S A	landmark	dna_methylation	A genomic sequencing protocol that yields a positive display of 5-methylcytosine residues in individual DNA strands.	바이설파이트 시퀀싱 원리를 세운 고전 논문
41286201	Holst	2026	Nat Methods	method	genome_annotation	Helixer: ab initio prediction of primary eukaryotic gene models combining deep learning and a hidden Markov model	딥러닝+HMM ab initio 유전자 예측 Helixer
38383603	Nevers	2025	Nat Biotechnol	method	genome_annotation	Quality assessment of gene repertoire annotations with OMArk	단백질 유전자 주석 품질 평가 OMArk
38866548	Brůna	2024	Genome Res	method	genome_annotation	GeneMark-ETP significantly improves the accuracy of automatic annotation of large eukaryotic genomes	전사체·단백질 근거를 통합한 GeneMark-ETP
38866550	Gabriel	2024	Genome Res	method	genome_annotation	BRAKER3: Fully automated genome annotation using RNA-seq and protein evidence with GeneMark-ETP, AUGUSTUS, and TSEBRA	RNA-seq과 단백질 근거를 함께 쓰는 BRAKER3
37104600	Kirilenko	2023	Science	method	genome_annotation	Integrating gene annotation with orthology inference at scale	주석과 orthology 추론을 통합한 TOGA
37601314	Vuruputoor	2023	Appl Plant Sci	benchmark	genome_annotation	Welcome to the big leaves: Best practices for improving genome annotation in non-model plant genomes	비모델 식물 주석 방법을 비교해 best practice를 제시
33320174	Shumate	2021	Bioinformatics	method	genome_annotation	Liftoff: accurate mapping of gene annotations	레퍼런스 주석을 새 조립으로 옮기는 Liftoff
33575650	Brůna	2021	NAR Genom Bioinform	method	genome_annotation	BRAKER2: automatic eukaryotic genome annotation with GeneMark-EP+ and AUGUSTUS supported by a protein database	단백질 근거로 GeneMark·AUGUSTUS를 학습시키는 BRAKER2
34597405	Cantalapiedra	2021	Mol Biol Evol	method	genome_annotation,metagenomic_functional_profiling	eggNOG-mapper v2: Functional Annotation, Orthology Assignments, and Domain Prediction at the Metagenomic Scale	orthology 기반 기능 주석 eggNOG-mapper v2
34739369	Schwengers	2021	Microb Genom	method	genome_annotation,bacterial_genome_assembly	Bakta: rapid and standardized annotation of bacterial genomes via alignment-free sequence identification	세균 유전체 표준화 주석 도구 Bakta
32272892	Scalzitti	2020	BMC Genomics	benchmark	genome_annotation	A benchmark study of ab initio gene prediction methods in diverse eukaryotic organisms	진핵생물 ab initio 유전자 예측기 벤치마크
32300014	Flynn	2020	Proc Natl Acad Sci U S A	method	genome_annotation	RepeatModeler2 for automated genomic discovery of transposable element families	반복서열 de novo 라이브러리 구축 RepeatModeler2
32489650	Pertea	2020	F1000Res	method	genome_annotation,long_read_transcriptomics	GFF Utilities: GffRead and GffCompare	GFF 비교·정리 도구 GffRead/GffCompare
32962098	Ejigu	2020	Biology (Basel)	review	genome_annotation	Review on the Computational Genome Annotation of Sequences Obtained by Next-Generation Sequencing	NGS 서열의 계산적 유전체 주석 방법 리뷰
33180771	Jung	2020	PLoS Comput Biol	protocol	genome_annotation,de_novo_genome_assembly	Twelve quick steps for genome assembly and annotation in the classroom	유전체 조립·주석 12단계 교육용 절차
31020564	Seppey	2019	Methods Mol Biol	protocol	genome_annotation,de_novo_genome_assembly	BUSCO: Assessing Genome Assembly and Annotation Completeness	BUSCO로 조립·주석 완전성을 평가하는 프로토콜
31097009	Salzberg	2019	Genome Biol	review	genome_annotation	Next-generation genome annotation: we still struggle to get it right	차세대 유전체 주석의 난점 정리
31843001	Ou	2019	Genome Biol	benchmark	genome_annotation	Benchmarking transposable element annotation methods for creation of a streamlined, comprehensive pipeline	TE 주석 도구 벤치마크와 통합 파이프라인 EDTA
26559507	Hoff	2016	Bioinformatics	method	genome_annotation	BRAKER1: Unsupervised RNA-Seq-Based Genome Annotation with GeneMark-ET and AUGUSTUS	RNA-seq으로 비지도 학습하는 유전자 예측 BRAKER1
26893356	Keilwagen	2016	Nucleic Acids Res	method	genome_annotation	Using intron position conservation for homology-based gene prediction	상동성과 인트론 위치로 유전자를 예측하는 GeMoMa
27337980	Aken	2016	Database (Oxford)	method	genome_annotation	The Ensembl gene annotation system	Ensembl 유전자 주석 시스템 설명
27342282	Tatusova	2016	Nucleic Acids Res	method	genome_annotation,bacterial_genome_assembly	NCBI prokaryotic genome annotation pipeline	NCBI 원핵생물 유전체 주석 파이프라인 PGAP
27773922	Mudge	2016	Nat Rev Genet	review	genome_annotation	The state of play in higher eukaryote gene annotation	고등 진핵생물 유전자 주석의 현황과 한계 리뷰
24451626	Jones	2014	Bioinformatics	method	genome_annotation	InterProScan 5: genome-scale protein function classification	단백질 도메인·기능 주석 InterProScan 5
24642063	Seemann	2014	Bioinformatics	method	genome_annotation,bacterial_genome_assembly	Prokka: rapid prokaryotic genome annotation	원핵생물 신속 주석 도구 Prokka
25501943	Campbell	2014	Curr Protoc Bioinformatics	protocol	genome_annotation	Genome Annotation and Curation Using MAKER and MAKER-P	MAKER/MAKER-P로 주석과 큐레이션을 하는 프로토콜
22510764	Yandell	2012	Nat Rev Genet	review	genome_annotation	A beginner's guide to eukaryotic genome annotation	진핵생물 유전체 주석 입문 가이드
22192575	Holt	2011	BMC Bioinformatics	method	genome_annotation	MAKER2: an annotation pipeline and genome-database management tool for second-generation genome projects	근거 기반 유전자 주석 파이프라인 MAKER2
18190707	Haas	2008	Genome Biol	method	genome_annotation	Automated eukaryotic gene structure annotation using EVidenceModeler and the Program to Assemble Spliced Alignments	여러 근거를 가중 결합해 유전자 구조를 만드는 EVidenceModeler
18218656	Stanke	2008	Bioinformatics	method	genome_annotation	Using native and syntenically mapped cDNA alignments to improve de novo gene finding	cDNA 정렬 근거를 AUGUSTUS 예측에 통합한 방법
16845043	Stanke	2006	Nucleic Acids Res	method	genome_annotation	AUGUSTUS: ab initio prediction of alternative transcripts	ab initio 유전자 예측기 AUGUSTUS
16314312	Lomsadze	2005	Nucleic Acids Res	method	genome_annotation	Gene identification in novel eukaryotic genomes by self-training algorithm	비지도 학습 진핵 유전자 예측 GeneMark-ES
40759746	Kronenberg	2025	Nat Methods	benchmark	germline_wgs_wes,pacbio_long_read,ont_long_read,structural_variant_calling	The Platinum Pedigree: a long-read benchmark for genetic variants	가계 기반 롱리드 변이 벤치마크 Platinum Pedigree
38666213	Hanssen	2024	NAR Genom Bioinform	method	germline_wgs_wes,somatic_wgs_wes	Scalable and efficient DNA sequencing analysis on different compute infrastructures aiding variant discovery.	Sarek 3, 다양한 컴퓨팅 환경에서의 재현 가능한 변이 분석
35193511	Barbitoff	2022	BMC Genomics	benchmark	germline_wgs_wes	Systematic benchmark of state-of-the-art variant calling pipelines identifies major factors affecting accuracy of coding sequence variant discovery.	정렬기·콜러 조합별 코딩 변이 정확도 체계 비교
35720974	Olson	2022	Cell Genom	benchmark	germline_wgs_wes,ont_long_read,pacbio_long_read	PrecisionFDA Truth Challenge V2: Calling variants from short and long reads in difficult-to-map regions.	precisionFDA Truth Challenge V2, 매핑 어려운 영역의 콜러 비교
36055201	Byrska-Bishop	2022	Cell	landmark	germline_wgs_wes,rare_disease_genomics,structural_variant_calling	High-coverage whole-genome sequencing of the expanded 1000 Genomes Project cohort including 602 trios.	1000 Genomes 고심도 WGS 3,202명(602 trio) 콜셋
36452119	Wagner	2022	Cell Genom	benchmark	germline_wgs_wes,pacbio_long_read,ont_long_read	Benchmarking challenging small variants with linked and long reads.	linked·long read로 어려운 영역까지 넓힌 GIAB v4 소변이 벤치마크
33590861	Danecek	2021	Gigascience	method	germline_wgs_wes,somatic_wgs_wes	Twelve years of SAMtools and BCFtools.	SAMtools·BCFtools 12년 정리, 변이 콜·필터·VCF 처리 기준
32269765	Garcia	2020	F1000Res	method	germline_wgs_wes,somatic_wgs_wes	Sarek: A portable workflow for whole-genome sequencing analysis of germline and somatic variants.	nf-core/sarek: 생식세포·체세포 WGS 분석 워크플로
32461654	Karczewski	2020	Nature	landmark	germline_wgs_wes,rare_disease_genomics,gwas	The mutational constraint spectrum quantified from variation in 141,456 humans.	gnomAD 집단 빈도와 LOEUF 제약 지표
33106175	Koboldt	2020	Genome Med	review	germline_wgs_wes,somatic_wgs_wes,rare_disease_genomics,structural_variant_calling	Best practices for variant calling in clinical sequencing.	임상 시퀀싱 변이 콜(소변이·CNV·SV) 모범 사례 리뷰
30371827	Rentzsch	2019	Nucleic Acids Res	method	germline_wgs_wes,rare_disease_genomics	CADD: predicting the deleteriousness of variants throughout the human genome.	CADD 변이 유해성 점수
30858580	Krusche	2019	Nat Biotechnol	guideline	germline_wgs_wes	Best practices for benchmarking germline small-variant calls in human genomes.	GA4GH 생식세포 소변이 벤치마킹 모범 사례(hap.py, 층화 지표)
30936564	Zook	2019	Nat Biotechnol	benchmark	germline_wgs_wes	An open resource for accurately benchmarking small variant and reference calls.	GIAB 소변이·참조 콜 벤치마크 자원과 고신뢰 영역 정의
31249349	Chen	2019	Sci Rep	benchmark	germline_wgs_wes	Systematic comparison of germline variant calling pipelines cross multiple next-generation sequencers.	여러 시퀀서에서 생식세포 변이 파이프라인을 체계 비교
29096012	Pedersen	2018	Bioinformatics	method	germline_wgs_wes,somatic_wgs_wes	Mosdepth: quick coverage calculation for genomes and exomes.	mosdepth: 게놈·엑솜 커버리지 QC 계산
30013044	Li	2018	Nat Methods	benchmark	germline_wgs_wes,pacbio_long_read	A synthetic-diploid benchmark for accurate variant-calling evaluation.	CHM1/CHM13 합성 이배체 기반 변이 콜 평가 기준
30013048	Kim	2018	Nat Methods	method	germline_wgs_wes,somatic_wgs_wes	Strelka2: fast and accurate calling of germline and somatic variants.	생식세포·체세포 소변이를 함께 다루는 Strelka2 콜러
30247488	Poplin	2018	Nat Biotechnol	method	germline_wgs_wes,pacbio_long_read	A universal SNP and small-indel variant caller using deep neural networks.	딥러닝 기반 SNV·indel 콜러 DeepVariant, 현재 정확도 기준점
30279509	Regier	2018	Nat Commun	guideline	germline_wgs_wes,gwas	Functional equivalence of genome sequencing analysis pipelines enables harmonized variant calling across human genetics projects.	대형 코호트 간 조화된 변이 콜을 위한 기능적 동등 파이프라인 표준
30552369	Supernat	2018	Sci Rep	benchmark	germline_wgs_wes	Comparison of three variant callers for human whole genome sequencing.	WGS 생식세포 변이 콜러 3종 성능 비교
28190455	Pedersen	2017	Am J Hum Genet	method	germline_wgs_wes,rare_disease_genomics	Who's Who? Detecting and Resolving Sample Anomalies in Human DNA Sequencing Studies with Peddy.	peddy: 성별·혈연·조상 불일치 등 샘플 이상 검출
29154853	Roy	2017	J Mol Diagn	guideline	germline_wgs_wes,somatic_wgs_wes	Standards and Guidelines for Validating Next-Generation Sequencing Bioinformatics Pipelines: A Joint Recommendation of the Association for Molecular Pathology and the College of American Pathologists.	AMP/CAP NGS 생물정보 파이프라인 검증 표준
27268795	McLaren	2016	Genome Biol	method	germline_wgs_wes,somatic_wgs_wes,rare_disease_genomics	The Ensembl Variant Effect Predictor.	Ensembl VEP 변이 기능 주석 도구
27271295	Zook	2016	Sci Data	benchmark	germline_wgs_wes,rare_disease_genomics	Extensive sequencing of seven human genomes to characterize benchmark reference materials.	GIAB 7개 기준 게놈(부모-자녀 trio 포함) 다중 플랫폼 시퀀싱 자원
27535533	Lek	2016	Nature	landmark	germline_wgs_wes,rare_disease_genomics	Analysis of protein-coding genetic variation in 60,706 humans.	ExAC 60,706명 엑솜, 집단 빈도·유전자 제약 기반 필터링
25701572	Tan	2015	Bioinformatics	method	germline_wgs_wes	Unified representation of genetic variants.	vt: 변이 표현 정규화(좌측 정렬·분해)
26432245	Auton	2015	Nature	landmark	germline_wgs_wes,gwas	A global reference for human genetic variation.	1000 Genomes 최종 변이 참조, 대립유전자 빈도·임퓨테이션 패널의 기반
24531798	Zook	2014	Nat Biotechnol	benchmark	germline_wgs_wes	Integrating human sequence data sets provides a resource of benchmark SNP and indel genotype calls.	GIAB NA12878 고신뢰 SNP·indel 기준 콜셋을 처음 구축
25017105	Rimmer	2014	Nat Genet	method	germline_wgs_wes	Integrating mapping-, assembly- and haplotype-based approaches for calling variants in clinical sequencing applications.	매핑·조립·하플로타입을 결합한 임상용 콜러 Platypus
23887774	Rehm	2013	Genet Med	guideline	germline_wgs_wes,rare_disease_genomics	ACMG clinical laboratory standards for next-generation sequencing.	ACMG NGS 임상 검사실 표준(검증·QC·보고)
25431634	Van der Auwera	2013	Curr Protoc Bioinformatics	protocol	germline_wgs_wes,somatic_wgs_wes	From FastQ data to high confidence variant calls: the Genome Analysis Toolkit best practices pipeline.	FASTQ에서 변이 콜까지 GATK Best Practices 단계별 프로토콜
22728672	Cingolani	2012	Fly (Austin)	method	germline_wgs_wes,somatic_wgs_wes	A program for annotating and predicting the effects of single nucleotide polymorphisms, SnpEff: SNPs in the genome of Drosophila melanogaster strain w1118; iso-2; iso-3.	SnpEff 변이 효과 예측·주석 도구
23103226	Jun	2012	Am J Hum Genet	method	germline_wgs_wes,gwas	Detecting and estimating contamination of human DNA samples in sequencing and array-based genotype data.	VerifyBamID: 시퀀싱·어레이 DNA 오염 추정
21478889	DePristo	2011	Nat Genet	landmark	germline_wgs_wes	A framework for variation discovery and genotyping using next-generation DNA sequencing data.	BQSR·로컬 재정렬·VQSR 등 GATK 생식세포 변이 발견 절차를 정의
20601685	Wang	2010	Nucleic Acids Res	method	germline_wgs_wes,rare_disease_genomics	ANNOVAR: functional annotation of genetic variants from high-throughput sequencing data.	ANNOVAR 변이 기능 주석 도구
20644199	McKenna	2010	Genome Res	landmark	germline_wgs_wes,somatic_wgs_wes	The Genome Analysis Toolkit: a MapReduce framework for analyzing next-generation DNA sequencing data.	GATK 프레임워크 원 논문, 짧은 읽기 변이 분석의 기반 도구
19451168	Li	2009	Bioinformatics	landmark	germline_wgs_wes,somatic_wgs_wes,structural_variant_calling	Fast and accurate short read alignment with Burrows-Wheeler transform.	BWA 정렬기 원 논문, WGS/WES 정렬 단계의 표준 도구
19505943	Li	2009	Bioinformatics	landmark	germline_wgs_wes,somatic_wgs_wes	The Sequence Alignment/Map format and SAMtools.	SAM/BAM 형식과 SAMtools 정의, 정렬 파일 처리의 기본
36350656	Sollis	2023	Nucleic Acids Res	method	gwas	The NHGRI-EBI GWAS Catalog: knowledgebase and deposition resource.	NHGRI-EBI GWAS Catalog 지식베이스·요약통계 제출
35853082	Zou	2022	PLoS Genet	method	gwas	"Fine-mapping from summary data with the ""Sum of Single Effects"" model."	SuSiE-RSS 요약통계 미세매핑
34017140	Mbatchou	2021	Nat Genet	method	gwas	Computationally efficient whole-genome regression for quantitative and binary traits.	REGENIE 전장 회귀 기반 연관 분석
32424355	Zhou	2020	Nat Genet	method	gwas	Scalable generalized linear mixed model for region-based association tests in large biobanks and cohorts.	SAIGE-GENE: 바이오뱅크 영역 기반 희귀변이 검정
32709988	Choi	2020	Nat Protoc	protocol	gwas	Tutorial: a guide to performing polygenic risk score analyses.	다유전 위험 점수(PRS) 분석 튜토리얼
31068683	Tam	2019	Nat Rev Genet	review	gwas	Benefits and limitations of genome-wide association studies.	GWAS의 장점과 한계 리뷰
31607513	Peterson	2019	Cell	guideline	gwas	Genome-wide Association Studies in Ancestrally Diverse Populations: Opportunities, Methods, Pitfalls, and Recommendations.	다양한 조상 집단 GWAS 방법·함정·권고
29484742	Marees	2018	Int J Methods Psychiatr Res	protocol	gwas	A tutorial on conducting genome-wide association studies: Quality control and statistical analysis.	GWAS 품질 관리와 통계 분석 튜토리얼
29844615	Schaid	2018	Nat Rev Genet	review	gwas	From genome-wide associations to candidate causal variants by statistical fine-mapping.	GWAS 신호에서 인과 후보 변이로의 미세매핑 리뷰
29846171	Hemani	2018	Elife	method	gwas	The MR-Base platform supports systematic causal inference across the human phenome.	MR-Base 멘델 무작위화 플랫폼
30100085	Browning	2018	Am J Hum Genet	method	gwas	A One-Penny Imputed Genome from Next-Generation Reference Panels.	Beagle 5 대규모 참조 패널 임퓨테이션
30104761	Zhou	2018	Nat Genet	method	gwas	Efficiently controlling for case-control imbalance and sample relatedness in large-scale genetic association studies.	SAIGE: 환자-대조 불균형·혈연 보정 GLMM
30305743	Bycroft	2018	Nature	landmark	gwas	The UK Biobank resource with deep phenotyping and genomic data.	UK Biobank 유전형·임퓨테이션 자원과 QC
28686856	Visscher	2017	Am J Hum Genet	review	gwas	10 Years of GWAS Discovery: Biology, Function, and Translation.	GWAS 10년의 발견과 해석 리뷰
29184056	Watanabe	2017	Nat Commun	method	gwas	Functional mapping and annotation of genetic associations with FUMA.	FUMA GWAS 결과 기능 매핑·주석
26773131	Benner	2016	Bioinformatics	method	gwas	FINEMAP: efficient variable selection using summary data from genome-wide association studies.	FINEMAP 요약통계 기반 미세매핑
27548312	McCarthy	2016	Nat Genet	landmark	gwas	A reference panel of 64,976 haplotypes for genotype imputation.	HRC 64,976 하플로타입 임퓨테이션 참조 패널
27571263	Das	2016	Nat Genet	method	gwas	Next-generation genotype imputation service and methods.	Michigan Imputation Server와 차세대 임퓨테이션 방법
25642630	Bulik-Sullivan	2015	Nat Genet	method	gwas	LD Score regression distinguishes confounding from polygenicity in genome-wide association studies.	LD Score 회귀로 교란과 다유전성 구분
25642633	Loh	2015	Nat Genet	method	gwas	Efficient Bayesian mixed-model analysis increases association power in large cohorts.	BOLT-LMM 대규모 코호트 혼합모형 연관 분석
25722852	Chang	2015	Gigascience	method	gwas	Second-generation PLINK: rising to the challenge of larger and richer datasets.	PLINK 2세대, 대규모 데이터용 연관 분석
25885710	de Leeuw	2015	PLoS Comput Biol	method	gwas	MAGMA: generalized gene-set analysis of GWAS data.	MAGMA 유전자·유전자집합 분석
24762786	Winkler	2014	Nat Protoc	protocol	gwas	Quality control and conduct of genome-wide association meta-analyses.	GWAS 메타분석 품질 관리와 수행 프로토콜
24830394	Giambartolomei	2014	PLoS Genet	method	gwas	Bayesian test for colocalisation between pairs of genetic association studies using summary statistics.	coloc 베이지안 공동국재 검정
24995866	Lee	2014	Am J Hum Genet	review	gwas,germline_wgs_wes	Rare-variant association analysis: study designs and statistical tests.	희귀변이 연관 분석 설계와 통계 검정 리뷰
22426310	Yang	2012	Nat Genet	method	gwas	Conditional and joint multiple-SNP analysis of GWAS summary statistics identifies additional variants influencing complex traits.	GCTA-COJO 요약통계 조건부·결합 분석
21234875	Turner	2011	Curr Protoc Hum Genet	protocol	gwas	Quality control procedures for genome-wide association studies.	GWAS 품질 관리 절차
21737059	Wu	2011	Am J Hum Genet	method	gwas	Rare-variant association testing for sequencing data with the sequence kernel association test.	SKAT 희귀변이 연관 검정
20616382	Willer	2010	Bioinformatics	method	gwas	METAL: fast and efficient meta-analysis of genomewide association scans.	METAL GWAS 메타분석 도구
20718045	Laurie	2010	Genet Epidemiol	guideline	gwas	Quality control and quality assurance in genotypic data for genome-wide association studies.	GWAS 유전형 데이터 QC·QA 지침
20926424	Manichaikul	2010	Bioinformatics	method	gwas,germline_wgs_wes	Robust relationship inference in genome-wide association studies.	KING: 견고한 혈연 관계 추정
21085122	Anderson	2010	Nat Protoc	protocol	gwas	Data quality control in genetic case-control association studies.	환자-대조군 연관 연구 데이터 QC 프로토콜
21167468	Yang	2010	Am J Hum Genet	method	gwas	GCTA: a tool for genome-wide complex trait analysis.	GCTA: 유전력·혼합모형 분석
19543373	Howie	2009	PLoS Genet	method	gwas	A flexible and accurate genotype imputation method for the next generation of genome-wide association studies.	IMPUTE2 유전형 임퓨테이션
18348202	Pe'er	2008	Genet Epidemiol	landmark	gwas	Estimation of the multiple testing burden for genomewide association studies of nearly all common variants.	전장 유의수준 5e-8 다중검정 부담 추정
17701901	Purcell	2007	Am J Hum Genet	method	gwas	PLINK: a tool set for whole-genome association and population-based linkage analyses.	PLINK: 전장 연관·집단 분석 도구
16862161	Price	2006	Nat Genet	landmark	gwas	Principal components analysis corrects for stratification in genome-wide association studies.	주성분분석으로 집단 계층화를 보정(EIGENSTRAT)
39283446	Sakata	2025	Methods Mol Biol	protocol	hi_c	Micro-C Analysis Workflow Using Pairtools and Juicer.	pairtools·Juicer 기반 Micro-C 분석 워크플로
39887949	Dautle	2025	Adv Sci (Weinh)	review	hi_c	Single-Cell Hi-C Technologies and Computational Data Analysis.	단일세포 Hi-C 기술과 분석 리뷰
38709825	Open2C	2024	PLoS Comput Biol	method	hi_c	Cooltools: Enabling high-resolution Hi-C analysis in Python.	고해상도 Hi-C 분석 파이썬 도구 cooltools
38809952	Open2C	2024	PLoS Comput Biol	method	hi_c	Pairtools: From sequencing data to chromosome contacts.	시퀀싱 데이터를 접촉 쌍으로 바꾸는 pairtools
34046591	van der Weide	2021	NAR Genom Bioinform	method	hi_c	Hi-C analyses with GENOVA: a case study with cohesin variants.	Hi-C 분석 R 패키지 GENOVA
34480151	Akgol Oksuz	2021	Nat Methods	benchmark	hi_c	Systematic evaluation of chromosome conformation capture assays.	3C 계열 실험 조건 체계적 평가
31290943	Abdennur	2020	Bioinformatics	method	hi_c	Cooler: scalable storage for Hi-C data and other genomically labeled arrays.	Hi-C 저장 포맷 cooler
32213323	Hsieh	2020	Mol Cell	landmark	hi_c	Resolving the 3D Landscape of Transcription-Linked Mammalian Chromatin Folding.	포유류 Micro-C 전사 연계 접힘
32213324	Krietenstein	2020	Mol Cell	landmark	hi_c	Ultrastructural Details of Mammalian Chromosome Architecture.	포유류 Micro-C 미세 구조
32998764	Roayaei Ardakany	2020	Genome Biol	method	hi_c	Mustache: multi-scale detection of chromatin loops from Hi-C and Micro-C maps using scale-space representation.	Hi-C·Micro-C 루프 검출 Mustache
30890172	Yardımcı	2019	Genome Biol	benchmark	hi_c	Measuring the reproducibility and quality of Hi-C data.	Hi-C 재현성·품질 측정 방법 비교
31588782	Lyu	2019	Biotechniques	benchmark	hi_c	Comparison of normalization methods for Hi-C data.	Hi-C 정규화 방법 비교
29335486	Ramírez	2018	Nat Commun	method	hi_c	High-resolution TADs reveal DNA sequences underlying genome organization in flies.	고해상도 TAD 호출(HiCExplorer)
29901812	Wolff	2018	Nucleic Acids Res	method	hi_c	Galaxy HiCExplorer: a web server for reproducible Hi-C data analysis, quality control and visualization.	재현 가능한 Hi-C 분석·QC 웹서버 HiCExplorer
30064362	Stansfield	2018	BMC Bioinformatics	method	hi_c	HiCcompare: an R-package for joint normalization and comparison of HI-C datasets.	Hi-C 공동 정규화·비교 HiCcompare
30526631	Zufferey	2018	Genome Biol	benchmark	hi_c	Comparison of computational methods for the identification of topologically associating domains.	TAD 호출 방법 비교
30570701	Pal	2018	Biophys Rev	review	hi_c	Hi-C analysis: from data generation to integration.	Hi-C 데이터 생성부터 통합까지 리뷰
28435001	Belaghzal	2017	Methods	protocol	hi_c	Hi-C 2.0: An optimized Hi-C procedure for high-resolution genome-wide mapping of chromosome conformation.	Hi-C 2.0 실험 프로토콜
28604721	Forcato	2017	Nat Methods	benchmark	hi_c	Comparison of computational methods for Hi-C data analysis.	Hi-C 분석 방법 비교(Nat Methods)
28855260	Yang	2017	Genome Res	method	hi_c	HiCRep: assessing the reproducibility of Hi-C data using a stratum-adjusted correlation coefficient.	층별 상관계수로 재현성을 재는 HiCRep
28905911	Dekker	2017	Nature	guideline	hi_c	The 4D nucleome project.	4DN 프로젝트의 표준·자원
29053968	Bonev	2017	Cell	landmark	hi_c	Multiscale 3D Genome Rewiring during Mouse Neural Development.	신경 발생 중 다규모 3D 게놈 재배선
27467249	Durand	2016	Cell Syst	method	hi_c	Juicer Provides a One-Click System for Analyzing Loop-Resolution Hi-C Experiments.	HiCCUPS·Arrowhead를 포함한 Juicer 파이프라인
27467250	Durand	2016	Cell Syst	method	hi_c	Juicebox Provides a Visualization System for Hi-C Contact Maps with Unlimited Zoom.	Hi-C 접촉 지도 시각화 Juicebox
27643841	Mumbach	2016	Nat Methods	method	hi_c,chip_seq	HiChIP: efficient and sensitive analysis of protein-directed genome architecture.	단백질 매개 루프를 재는 HiChIP
26119342	Hsieh	2015	Cell	landmark	hi_c	Mapping Nucleosome Resolution Chromosome Folding in Yeast by Micro-C.	뉴클레오솜 해상도 Micro-C 원논문
26283514	Lun	2015	BMC Bioinformatics	method	hi_c	diffHic: a Bioconductor package to detect differential genomic interactions in Hi-C data.	차등 상호작용 검출 diffHic
26328929	Ay	2015	Genome Biol	review	hi_c	Analysis methods for studying the 3D architecture of the genome.	3D 게놈 분석 방법 리뷰
26619908	Servant	2015	Genome Biol	method	hi_c	HiC-Pro: an optimized and flexible pipeline for Hi-C data processing.	Hi-C 처리 파이프라인 HiC-Pro
26835000	Wingett	2015	F1000Res	method	hi_c	HiCUP: pipeline for mapping and processing Hi-C data.	Hi-C 매핑·필터 파이프라인 HiCUP
24501021	Ay	2014	Genome Res	method	hi_c	Statistical confidence estimation for Hi-C data reveals regulatory chromatin contacts.	유의 접촉 통계 추정 Fit-Hi-C
25448293	Lajoie	2014	Methods	guideline	hi_c	The Hitchhiker's guide to Hi-C analysis: practical guidelines.	Hi-C 분석 실무 가이드라인
25497547	Rao	2014	Cell	landmark	hi_c	A 3D map of the human genome at kilobase resolution reveals principles of chromatin looping.	in situ Hi-C와 킬로베이스 해상도 루프 지도
22495300	Dixon	2012	Nature	landmark	hi_c	Topological domains in mammalian genomes identified by analysis of chromatin interactions.	TAD를 정의한 논문
22495304	Nora	2012	Nature	landmark	hi_c	Spatial partitioning of the regulatory landscape of the X-inactivation centre.	TAD를 함께 발견한 X 비활성 중심 연구
22941365	Imakaev	2012	Nat Methods	method	hi_c	Iterative correction of Hi-C data reveals hallmarks of chromosome organization.	ICE 반복 보정 정규화
19815776	Lieberman-Aiden	2009	Science	landmark	hi_c	Comprehensive mapping of long-range interactions reveals folding principles of the human genome.	A/B 구획을 정의한 Hi-C 원논문
19890323	Fullwood	2009	Nature	landmark	hi_c	An oestrogen-receptor-alpha-bound human chromatin interactome.	ChIA-PET 원논문
40577285	Yang	2025	PLoS Comput Biol	method	immune_repertoire_sequencing,single_cell_rna_seq	scRepertoire 2: Enhanced and efficient toolkit for single-cell immune profiling	단일세포 TCR/BCR 클론형 분석 R 도구
33986545	Song	2021	Nat Methods	method	immune_repertoire_sequencing,single_cell_rna_seq	TRUST4: immune repertoire reconstruction from bulk and single-cell RNA-seq data	RNA-seq에서 TCR/BCR 레퍼토리 재구성
34037521	Trück	2021	Elife	guideline	immune_repertoire_sequencing	Biological controls for standardization and interpretation of adaptive immune receptor repertoire profiling	AIRR-seq 표준화를 위한 생물학적 대조군 설계
34282327	Pai	2021	Nat Methods	review	immune_repertoire_sequencing,single_cell_multiome	High-throughput and single-cell T cell receptor sequencing technologies	벌크·단일세포 TCR 시퀀싱 기술 비교 리뷰
34845983	Mayer-Blackwell	2021	Elife	method	immune_repertoire_sequencing	TCR meta-clonotypes for biomarker discovery withenabled identification of public, HLA-restricted clusters of SARS-CoV-2 TCRs	tcrdist3 메타 클론형으로 공용 TCR 군집 탐색
31588507	Bagaev	2020	Nucleic Acids Res	method	immune_repertoire_sequencing	VDJdb in 2019: database extension, new analysis infrastructure and a T-cell receptor motif compendium	항원 특이 TCR 참조 데이터베이스
31873728	Smakaj	2020	Bioinformatics	benchmark	immune_repertoire_sequencing	Benchmarking immunoinformatic tools for the analysis of antibody repertoire sequences	항체 레퍼토리 주석 도구 비교 벤치마크
32341563	Huang	2020	Nat Biotechnol	method	immune_repertoire_sequencing	Analyzing the Mycobacterium tuberculosis immune response by T-cell receptor clustering with GLIPH2 and genome-wide antigen screening	GLIPH2: 대규모 TCR 특이성 군집화
32614448	Sturm	2020	Bioinformatics	method	immune_repertoire_sequencing,single_cell_rna_seq	Scirpy: a Scanpy extension for analyzing single-cell T-cell receptor-sequencing data	단일세포 TCR과 전사체 결합 분석 도구
32895550	Barennes	2020	Nat Biotechnol	benchmark	immune_repertoire_sequencing	Benchmarking of T cell receptor repertoire profiling methods reveals large systematic biases	TCR-seq 방법 9종의 체계적 편향 비교
30657870	Sethna	2019	Bioinformatics	method	immune_repertoire_sequencing	OLGA: fast computation of generation probabilities of B- and T-cell receptor amino acid sequences and motifs	수용체 서열 생성확률(Pgen) 계산
31194732	Pogorelyy	2019	PLoS Biol	method	immune_repertoire_sequencing	Detecting T cell receptors involved in immune responses from single repertoire snapshots	ALICE: 단일 시점에서 반응 TCR 군집 검출
29422654	Marcou	2018	Nat Commun	method	immune_repertoire_sequencing	High-throughput immune repertoire analysis with IGoR	V(D)J 재조합 생성 모델 추론
29593723	Chaudhary	2018	Front Immunol	review	immune_repertoire_sequencing	Analyzing Immunoglobulin Repertoires	Ig 레퍼토리 실험·분석 방법 리뷰
29949968	Nouri	2018	Bioinformatics	method	immune_repertoire_sequencing	A spectral clustering-based method for identifying clones from high-throughput B cell repertoire sequencing data	스펙트럴 클러스터링 BCR 클론 식별
30323809	Vander Heiden	2018	Front Immunol	guideline	immune_repertoire_sequencing	AIRR Community Standardized Representations for Annotated Immune Repertoires	주석된 레퍼토리의 AIRR 표준 파일 형식 정의
28179494	Gupta	2017	J Immunol	method	immune_repertoire_sequencing	Hierarchical Clustering Can Identify B Cell Clones with High Confidence in Ig Repertoire Sequencing Data	BCR 클론 식별 거리 임계값 설정 방법
28636589	Glanville	2017	Nature	method	immune_repertoire_sequencing	Identifying specificity groups in the T cell receptor repertoire	GLIPH: TCR 특이성 그룹 탐색
28636592	Dash	2017	Nature	method	immune_repertoire_sequencing	Quantifiable predictive features define epitope-specific T cell receptor repertoires	TCRdist: TCR 거리 지표로 항원 특이 군집 정의
28693542	Rosati	2017	BMC Biotechnol	review	immune_repertoire_sequencing	Overview of methodologies for T-cell receptor repertoire analysis	TCR 레퍼토리 실험·분석 방법 개관
29020005	Bolotin	2017	Nat Biotechnol	method	immune_repertoire_sequencing	Antigen receptor repertoire profiling from RNA-seq data	MiXCR로 일반 RNA-seq에서 레퍼토리 추출
29144493	Rubelt	2017	Nat Immunol	guideline	immune_repertoire_sequencing	Adaptive Immune Receptor Repertoire Community recommendations for sharing immune-repertoire sequencing data	AIRR-seq 데이터 공유를 위한 MiAIRR 최소 정보 표준
29163494	Breden	2017	Front Immunol	guideline	immune_repertoire_sequencing	Reproducibility and Reuse of Adaptive Immune Receptor Repertoire Data	AIRR 데이터 재현성·재사용을 위한 커뮤니티 원칙
26950746	Stubbington	2016	Nat Methods	method	immune_repertoire_sequencing,single_cell_rna_seq	T cell fate and clonality inference from single-cell transcriptomes	TraCeR: 단일세포 전사체에서 짝 TCR 재구성
25924071	Bolotin	2015	Nat Methods	method	immune_repertoire_sequencing	MiXCR: software for comprehensive adaptive immunity profiling	MiXCR: 레퍼토리 리드 정렬·클론형 조립 표준 도구
26069265	Gupta	2015	Bioinformatics	method	immune_repertoire_sequencing	Change-O: a toolkit for analyzing large-scale B cell immunoglobulin repertoire sequencing data	BCR 클론 할당·계통 분석 도구
26140055	Greiff	2015	Genome Med	method	immune_repertoire_sequencing	A bioinformatic framework for immune repertoire diversity profiling enables detection of immunological status	Hill 다양성 프로파일로 레퍼토리 다양성 평가
26589402	Yaari	2015	Genome Med	guideline	immune_repertoire_sequencing	Practical guidelines for B-cell receptor repertoire sequencing analysis	BCR 레퍼토리 분석 단계별 실무 지침
26606115	Shugay	2015	PLoS Comput Biol	method	immune_repertoire_sequencing	VDJtools: Unifying Post-analysis of T Cell Receptor Repertoires	TCR 레퍼토리 후처리·다양성·중첩 분석 도구
24618469	Vander Heiden	2014	Bioinformatics	method	immune_repertoire_sequencing	pRESTO: a toolkit for processing high-throughput sequencing raw reads of lymphocyte receptor repertoires	UMI 처리 포함 레퍼토리 원시 리드 전처리 도구
24793455	Shugay	2014	Nat Methods	method	immune_repertoire_sequencing	Towards error-free profiling of immune repertoires	MIGEC: UMI 기반 오류 보정
25378316	Lefranc	2014	Nucleic Acids Res	method	immune_repertoire_sequencing	IMGT®, the international ImMunoGeneTics information system® 25 years on	IG/TR 유전자 참조와 명명 체계의 기준 자원
23671333	Ye	2013	Nucleic Acids Res	method	immune_repertoire_sequencing	IgBLAST: an immunoglobulin variable domain sequence analysis tool	V(D)J 유전자 할당 표준 도구
18503082	Brochet	2008	Nucleic Acids Res	method	immune_repertoire_sequencing	IMGT/V-QUEST: the highly customized and integrated system for IG and TR standardized V-J and V-D-J sequence analysis	IMGT 표준 V(D)J 주석 도구
41742281	Wissel	2026	Genome Biol	benchmark	long_read_transcriptomics	A systematic benchmark of high-accuracy PacBio long-read RNA sequencing for transcript-level quantification	PacBio 고정확 긴 리드 전사체 정량 벤치마크
40082608	Chen	2025	Nat Methods	benchmark	long_read_transcriptomics	A systematic benchmark of Nanopore long-read RNA sequencing for transcript-level analysis in human cell lines	SG-NEx 인간 세포주 nanopore 전사체 벤치마크
40155769	Monzó	2025	Nat Rev Genet	review	long_read_transcriptomics,alternative_splicing	Transcriptomics in the era of long-read sequencing	긴 리드 전사체학 기술과 isoform 분석 방법 리뷰
40662837	Zare	2025	Bioinformatics	method	long_read_transcriptomics	Oarfish: enhanced probabilistic modeling leads to improved accuracy in long read transcriptome quantification	긴 리드 전사체 확률 모형 정량(oarfish)
41110611	Santucci	2025	Genomics	review	long_read_transcriptomics	Computational methods for the analysis of long-read RNA-seq data	긴 리드 RNA-seq 분석 도구 체계 리뷰
37291427	Al'Khafaji	2024	Nat Biotechnol	method	long_read_transcriptomics,pacbio_long_read,single_cell_rna_seq	High-throughput RNA isoform sequencing using programmed cDNA concatenation	cDNA 연결로 처리량을 높인 MAS-Iso-seq
38509328	Pardo-Palacios	2024	Nat Methods	method	long_read_transcriptomics	SQANTI3: curation of long-read transcriptomes for accurate identification of known and novel isoforms	긴 리드 전사체 큐레이션(SQANTI3)
38849569	Pardo-Palacios	2024	Nat Methods	benchmark	long_read_transcriptomics	Systematic assessment of long-read RNA-seq methods for transcript identification and quantification	LRGASP 컨소시엄의 긴 리드 전사체 방법 평가
36593406	Prjibelski	2023	Nat Biotechnol	method	long_read_transcriptomics	Accurate isoform discovery with IsoQuant using long reads	긴 리드 isoform 발견·정량(IsoQuant)
36662851	Gao	2023	Sci Adv	method	long_read_transcriptomics	ESPRESSO: Robust discovery and quantification of transcript isoforms from error-prone long-read RNA-seq data	오류 많은 긴 리드의 isoform 발견·정량(ESPRESSO)
37308696	Chen	2023	Nat Methods	method	long_read_transcriptomics	Context-aware transcript quantification from long-read RNA-seq data with Bambu	맥락 인식 긴 리드 전사체 발견·정량(Bambu)
37783886	Dong	2023	Nat Methods	benchmark	long_read_transcriptomics,alternative_splicing	Benchmarking long-read RNA-sequencing analysis tools using in silico mixtures	in silico 혼합으로 긴 리드 정량·DTU 도구 비교
35922509	Glinos	2022	Nature	landmark	long_read_transcriptomics,alternative_splicing	Transcriptome variation in human tissues revealed by long-read sequencing	GTEx 조직 긴 리드 전사체 변이 분석
34763716	Tian	2021	Genome Biol	method	long_read_transcriptomics,single_cell_rna_seq	Comprehensive characterization of single-cell full-length isoforms in human and mouse with long-read sequencing	단일세포 긴 리드 isoform 분석(FLAMES)
34893601	Leger	2021	Nat Commun	method	long_read_transcriptomics	RNA modifications detection by comparative Nanopore direct RNA sequencing	direct RNA 비교로 RNA 변형 검출(Nanocompore)
32033565	Amarasinghe	2020	Genome Biol	review	long_read_transcriptomics,ont_long_read,pacbio_long_read,de_novo_genome_assembly,structural_variant_calling	Opportunities and challenges in long-read sequencing data analysis	긴 리드 데이터 분석 도구와 과제 리뷰
32188845	Tang	2020	Nat Commun	method	long_read_transcriptomics,alternative_splicing	Full-length transcript characterization of SF3B1 mutation in chronic lymphocytic leukemia reveals downregulation of retained introns	nanopore 전장 isoform 교정·정량 도구 FLAIR 원논문
31366910	Soneson	2019	Nat Commun	benchmark	long_read_transcriptomics	A comprehensive examination of Nanopore native RNA sequencing for characterization of complex transcriptomes	nanopore direct RNA·cDNA 정량 성능 평가
31740818	Workman	2019	Nat Methods	landmark	long_read_transcriptomics	Nanopore native RNA sequencing of a human poly(A) transcriptome	인간 poly(A) 전사체 direct RNA 시퀀싱 기준 데이터
31842956	Kovaka	2019	Genome Biol	method	long_read_transcriptomics	Transcriptome assembly from long-read RNA-seq alignments with StringTie2	긴 리드 정렬 기반 전사체 조립(StringTie2)
29334379	Garalde	2018	Nat Methods	landmark	long_read_transcriptomics	Highly parallel direct RNA sequencing on an array of nanopores	nanopore direct RNA 시퀀싱을 처음 제시
29440222	Tardaguila	2018	Genome Res	method	long_read_transcriptomics	SQANTI: extensive characterization of long-read transcript sequences for quality control in full-length transcriptome identification and quantification	긴 리드 전사체 QC·구조 분류(SQANTI)
29750242	Li	2018	Bioinformatics	method	long_read_transcriptomics,ont_long_read,pacbio_long_read,structural_variant_calling	Minimap2: pairwise alignment for nucleotide sequences	긴 리드 스플라이스 정렬의 표준 정렬기
27554526	Oikonomopoulos	2016	Sci Rep	benchmark	long_read_transcriptomics	Benchmarking of the Oxford Nanopore MinION sequencing for quantitative and qualitative assessment of cDNA populations	MinION cDNA 정량 성능 초기 벤치마크
24108091	Sharon	2013	Nat Biotechnol	landmark	long_read_transcriptomics	A single-molecule long-read survey of the human transcriptome	PacBio 전장 cDNA로 인간 전사체를 조사한 초기 연구
38587201	Pang	2024	Nucleic Acids Res	method	metabolomics	MetaboAnalyst 6.0: towards a unified platform for metabolomics data processing, analysis and interpretation.	MetaboAnalyst 최신판, MS/MS 주석과 통합 분석 지원
36859716	Schmid	2023	Nat Biotechnol	method	metabolomics,spatial_metabolomics	Integrative analysis of multimodal mass spectrometry data in MZmine 3.	LC-MS·이온 이동도·MS 이미징을 통합 처리하는 MZmine 3
34986597	Wishart	2022	Nucleic Acids Res	method	metabolomics	HMDB 5.0: the Human Metabolome Database for 2022.	인간 대사체 주석용 참조 데이터베이스
35715522	Pang	2022	Nat Protoc	protocol	metabolomics,multi_omics_integration	Using MetaboAnalyst 5.0 for LC-HRMS spectra processing, multi-omics integration and covariate adjustment of global metabolomics data.	MetaboAnalyst 5.0 단계별 사용 프로토콜
36029375	Kirwan	2022	Metabolomics	guideline	metabolomics	Quality assurance and quality control reporting in untargeted metabolic phenotyping: mQACC recommendations for analytical quality management.	mQACC의 비표적 대사체 QA/QC 보고 권고
33230292	Dührkop	2021	Nat Biotechnol	method	metabolomics	Systematic classification of unknown metabolites using high-resolution fragmentation mass spectra.	CANOPUS, 미지 대사체의 화합물 계열 분류
34019663	Pang	2021	Nucleic Acids Res	method	metabolomics,multi_omics_integration	MetaboAnalyst 5.0: narrowing the gap between raw spectra and functional insights.	원 스펙트럼부터 통계·경로 분석까지 웹 플랫폼
34239102	Alseekh	2021	Nat Methods	guideline	metabolomics	Mass spectrometry-based metabolomics: a guide for annotation, quantification and best reporting practices.	MS 대사체 주석·정량·보고 모범 사례 지침
31691833	Haug	2020	Nucleic Acids Res	method	metabolomics	MetaboLights: a resource evolving in response to the needs of its scientific community.	대사체 데이터 공개 저장소 MetaboLights
32541957	Tsugawa	2020	Nat Biotechnol	method	metabolomics	A lipidome atlas in MS-DIAL 4.	MS-DIAL 4 지질체 주석 아틀라스와 이온 이동도 지원
32839597	Nothias	2020	Nat Methods	method	metabolomics	Feature-based molecular networking in the GNPS analysis environment.	피처 기반 분자 네트워킹으로 이성질체 구분과 정량 연계
30758187	Fan	2019	Anal Chem	method	metabolomics	Systematic Error Removal Using Random Forest for Normalizing Large-Scale Untargeted Lipidomics Data.	SERRF, QC 기반 랜덤포레스트 배치 보정
30886413	Dührkop	2019	Nat Methods	method	metabolomics	SIRIUS 4: a rapid tool for turning tandem mass spectra into metabolite structure information.	MS/MS에서 분자식·구조를 추정하는 SIRIUS 4
31252628	Emwas	2019	Metabolites	review	metabolomics	NMR Spectroscopy for Metabolomics Research.	NMR 대사체 실험과 데이터 처리 종합 리뷰
28823764	Dudzik	2018	J Pharm Biomed Anal	review	metabolomics	Quality assurance procedures for mass spectrometry untargeted metabolomics. a review.	비표적 MS 대사체 QA 절차 리뷰
29330539	Wei	2018	Sci Rep	benchmark	metabolomics	Missing Value Imputation Approach for Mass Spectrometry-based Metabolomics Data.	대사체 결측 유형별 대치 방법 비교
29748461	Blaženović	2018	Metabolites	review	metabolomics	Software Tools and Approaches for Compound Identification of LC-MS/MS Data in Metabolomics.	LC-MS/MS 대사체 동정 소프트웨어 비교 리뷰
29805336	Broadhurst	2018	Metabolomics	guideline	metabolomics	Guidelines and considerations for the use of system suitability and quality control samples in mass spectrometry assays applied in untargeted clinical metabolomic studies.	비표적 임상 대사체 연구의 QC 시료 사용 지침
28113135	Viant	2017	Curr Opin Chem Biol	review	metabolomics	How close are we to complete annotation of metabolomes?	대사체 주석의 현재 한계와 과제 정리
28752754	Myers	2017	Anal Chem	benchmark	metabolomics	One Step Forward for Reducing False Positive and False Negative Compound Identifications from Mass Spectrometry Metabolomics Data: New Algorithms for Constructing Extracted Ion Chromatograms and Detecting Chromatographic Peaks.	XCMS·MZmine 피크 검출 비교와 위양성·위음성 개선
28914531	Mahieu	2017	Anal Chem	method	metabolomics	Systems-Level Annotation of a Metabolomics Data Set Reduces 25 000 Features to Fewer than 1000 Unique Metabolites.	중복 피처(adduct·동위원소·단편) 제거로 실제 대사체 수 추정
26467476	Sud	2016	Nucleic Acids Res	method	metabolomics	Metabolomics Workbench: An international repository for metabolomics data and metadata, metabolite standards, protocols, tutorials and training, and analysis tools.	대사체 데이터·메타데이터 저장소 Metabolomics Workbench
26979502	Johnson	2016	Nat Rev Mol Cell Biol	review	metabolomics	Metabolomics: beyond biomarkers and towards mechanisms.	대사체 연구를 기전 해석으로 확장하는 방법론 리뷰
27073351	Wehrens	2016	Metabolomics	method	metabolomics	Improved batch correction in untargeted MS-based metabolomics.	QC 시료 기반 비표적 대사체 배치 보정
27123000	Di Guida	2016	Metabolomics	benchmark	metabolomics	Non-targeted UHPLC-MS metabolomic data processing methods: a comparative investigation of normalisation, missing value imputation, transformation and scaling.	정규화·결측 대치·변환·스케일링 방법 비교
27504778	Wang	2016	Nat Biotechnol	method	metabolomics	Sharing and community curation of mass spectrometry data with Global Natural Products Social Molecular Networking.	GNPS 분자 네트워킹과 스펙트럼 라이브러리 공유
27624161	Schrimpe-Rutledge	2016	J Am Soc Mass Spectrom	review	metabolomics	Untargeted Metabolomics Strategies-Challenges and Emerging Directions.	비표적 대사체 분석 전략과 과제 리뷰
25527831	Giacomoni	2015	Bioinformatics	method	metabolomics	Workflow4Metabolomics: a collaborative research infrastructure for computational metabolomics.	Galaxy 기반 대사체 분석 워크플로 인프라
25938372	Tsugawa	2015	Nat Methods	method	metabolomics	MS-DIAL: data-independent MS/MS deconvolution for comprehensive metabolome analysis.	MS-DIAL, DIA MS/MS 디컨볼루션 기반 대사체 분석
26392543	Dührkop	2015	Proc Natl Acad Sci U S A	method	metabolomics	Searching molecular structure databases with tandem mass spectra using CSI:FingerID.	CSI:FingerID 분자 지문 기반 구조 DB 검색
23916607	Gika	2014	J Pharm Biomed Anal	review	metabolomics	Current practice of liquid chromatography-mass spectrometry in metabolomics and metabonomics.	LC-MS 대사체 분석 실무 관행 리뷰
24476540	Schymanski	2014	Environ Sci Technol	guideline	metabolomics	Identifying small molecules via high resolution mass spectrometry: communicating confidence.	HRMS 저분자 동정 신뢰도 5단계 체계
23222455	Want	2013	Nat Protoc	protocol	metabolomics	Global metabolic profiling of animal and human tissues via UPLC-MS.	조직 시료 UPLC-MS 대사 프로파일링 프로토콜
23861661	Li	2013	PLoS Comput Biol	method	metabolomics	Predicting network activity from high throughput metabolomics.	mummichog, 동정 없이 피처에서 경로 활성 추론
26078916	Worley	2013	Curr Metabolomics	review	metabolomics	Multivariate Analysis in Metabolomics.	PCA·PLS-DA 등 대사체 다변량 분석과 검증 리뷰
22111785	Kuhl	2012	Anal Chem	method	metabolomics	CAMERA: an integrated strategy for compound spectra extraction and annotation of liquid chromatography/mass spectrometry data sets.	동위원소·adduct 묶음으로 LC-MS 피처 주석
22436749	Patti	2012	Nat Rev Mol Cell Biol	review	metabolomics	Innovation: Metabolomics: the apogee of the omics trilogy.	비표적 대사체 워크플로와 해석 과제 개관
21720319	Dunn	2011	Nat Protoc	protocol	metabolomics	Procedures for large-scale metabolic profiling of serum and plasma using gas chromatography and liquid chromatography coupled to mass spectrometry.	혈청·혈장 대규모 GC/LC-MS 프로파일링과 QC 시료 운용 프로토콜
20448546	Want	2010	Nat Protoc	protocol	metabolomics	Global metabolic profiling procedures for urine using UPLC-MS.	소변 UPLC-MS 전역 대사 프로파일링 프로토콜
20650010	Pluskal	2010	BMC Bioinformatics	method	metabolomics	MZmine 2: modular framework for processing, visualizing, and analyzing mass spectrometry-based molecular profile data.	MZmine 2 모듈형 LC-MS 데이터 처리 프레임워크
19040729	Tautenhahn	2008	BMC Bioinformatics	method	metabolomics	Highly sensitive feature detection for high resolution LC/MS.	centWave 고해상도 LC-MS 피처 검출 알고리즘
18007604	Beckonert	2007	Nat Protoc	protocol	metabolomics	Metabolic profiling, metabolomic and metabonomic procedures for NMR spectroscopy of urine, plasma, serum and tissue extracts.	NMR 대사체 시료 준비와 측정 표준 프로토콜
24039616	Sumner	2007	Metabolomics	guideline	metabolomics	Proposed minimum reporting standards for chemical analysis Chemical Analysis Working Group (CAWG) Metabolomics Standards Initiative (MSI).	MSI 대사체 화학 분석 최소 보고 기준과 동정 수준
16448051	Smith	2006	Anal Chem	method	metabolomics	XCMS: processing mass spectrometry data for metabolite profiling using nonlinear peak alignment, matching, and identification.	XCMS 원 논문, LC-MS 피크 검출·정렬의 표준
16762068	van den Berg	2006	BMC Genomics	method	metabolomics	Centering, scaling, and transformations: improving the biological information content of metabolomics data.	대사체 데이터 중심화·스케일링·변환 선택 기준
17003852	Sangster	2006	Analyst	method	metabolomics	A pragmatic and readily implemented quality control strategy for HPLC-MS and GC-MS-based metabonomic analysis.	pooled QC 시료 전략을 처음 제안
11860207	Fiehn	2002	Plant Mol Biol	landmark	metabolomics	Metabolomics--the link between genotypes and phenotypes.	대사체학 개념과 분석 범주를 정의한 초기 논문
10598751	Nicholson	1999	Xenobiotica	landmark	metabolomics	'Metabonomics': understanding the metabolic responses of living systems to pathophysiological stimuli via multivariate statistical analysis of biological NMR spectroscopic data.	NMR 다변량 분석 기반 메타보노믹스를 정의
38168989	Benoit	2024	Nat Biotechnol	method	metagenome_assembly,pacbio_long_read,ont_long_read	High-quality metagenome assembly from long accurate reads with metaMDBG.	정확한 장리드 메타게놈 조립을 빠르게 하는 최신 조립기
35118380	Krakau	2022	NAR Genom Bioinform	protocol	metagenome_assembly,metagenome_binning,metagenomic_taxonomy	nf-core/mag: a best-practice pipeline for metagenome hybrid assembly and binning.	조립·비닝·품질평가를 묶은 재현 가능한 nf-core 표준 파이프라인
35396482	Meyer	2022	Nat Methods	benchmark	metagenome_assembly,metagenome_binning,metagenomic_taxonomy,ont_long_read,pacbio_long_read	Critical Assessment of Metagenome Interpretation: the second round of challenges.	장·단 리드를 포함한 CAMI II로 조립·비닝·프로파일러 성능을 재평가
35534630	Feng	2022	Nat Methods	method	metagenome_assembly,pacbio_long_read	Metagenome assembly of high-fidelity long reads with hifiasm-meta.	HiFi 리드로 원형 완전 세균 유전체를 복원하는 메타게놈 조립기
30815668	Ayling	2020	Brief Bioinform	review	metagenome_assembly	New approaches for metagenome assembly with short reads.	짧은 리드 메타게놈 조립 알고리즘과 한계를 정리한 리뷰
33020656	Kolmogorov	2020	Nat Methods	method	metagenome_assembly,ont_long_read,pacbio_long_read	metaFlye: scalable long-read metagenome assembly using repeat graphs.	오류 많은 장리드로 메타게놈을 조립하는 대표 방법
28968737	Olson	2019	Brief Bioinform	review	metagenome_assembly,metagenome_binning	Metagenomic assembly through the lens of validation: recent advances in assessing and improving the quality of genomes assembled from metagenomes.	조립·MAG 품질 검증과 오류 보정 방법을 정리한 리뷰
28099457	Vollmers	2017	PLoS One	benchmark	metagenome_assembly	Comparing and Evaluating Metagenome Assembly Tools from a Microbiologist's Perspective - Not Only Size Matters!	메타게놈 조립기들을 생물학적 활용 관점에서 비교한 평가
28298430	Nurk	2017	Genome Res	method	metagenome_assembly	metaSPAdes: a new versatile metagenomic assembler.	짧은 리드 메타게놈 조립의 표준 조립기로 균주 변이가 섞인 그래프 처리법을 제시
28898207	Quince	2017	Nat Biotechnol	review	metagenome_assembly,metagenome_binning,metagenomic_taxonomy,metagenomic_functional_profiling	Shotgun metagenomics, from sampling to analysis.	샘플링부터 조립·비닝·프로파일링까지 샷건 메타게놈 분석 전 과정을 정리한 리뷰
28967888	Sczyrba	2017	Nat Methods	benchmark	metagenome_assembly,metagenome_binning,metagenomic_taxonomy	Critical Assessment of Metagenome Interpretation-a benchmark of metagenomics software.	조립·비닝·분류 도구를 같은 기준으로 비교한 CAMI 1차 벤치마크
25609793	Li	2015	Bioinformatics	method	metagenome_assembly	MEGAHIT: an ultra-fast single-node solution for large and complex metagenomics assembly via succinct de Bruijn graph.	대용량·고복잡도 메타게놈을 적은 메모리로 조립하는 표준 도구
26614127	Mikheenko	2015	Bioinformatics	method	metagenome_assembly	MetaQUAST: evaluation of metagenome assemblies.	메타게놈 조립 품질을 참조 기반으로 평가하는 표준 도구
41980943	Kim	2026	Nat Commun	benchmark	metagenome_binning	Comprehensive benchmarking of metagenomic binning tools reveals key factors for improved genome recovery.	시퀀싱 깊이·샘플 수 등 비닝 성능을 좌우하는 요인을 밝힌 최신 벤치마크
40128535	Han	2025	Nat Commun	benchmark	metagenome_binning,ont_long_read,pacbio_long_read	Benchmarking metagenomic binning tools on real datasets across sequencing platforms and binning modes.	단·장·하이브리드 데이터와 비닝 모드별로 비너 13종을 비교하고 다중 샘플 비닝을 권고
37500759	Chklovski	2023	Nat Methods	method	metagenome_binning,bacterial_genome_assembly	CheckM2: a rapid, scalable and accurate tool for assessing microbial genome quality using machine learning.	기계학습으로 새 계통 MAG까지 품질을 추정하는 CheckM 후속 도구
35484115	Pan	2022	Nat Commun	method	metagenome_binning	A deep siamese neural network improves metagenome-assembled genomes in microbiome datasets across different environments.	환경별 사전학습 모델로 비닝 성능을 높인 SemiBin
36218463	Chaumeil	2022	Bioinformatics	method	metagenome_binning,metagenomic_taxonomy	GTDB-Tk v2: memory friendly classification with the genome taxonomy database.	메모리 요구를 줄인 GTDB-Tk 개정판
33398153	Nissen	2021	Nat Biotechnol	method	metagenome_binning	Improved metagenome binning and assembly using deep variational autoencoders.	VAE와 다중 샘플 비닝으로 MAG 회수를 늘린 VAMB
34120611	Orakov	2021	Genome Biol	method	metagenome_binning,bacterial_genome_assembly	GUNC: detection of chimerism and contamination in prokaryotic genomes.	CheckM이 놓치는 MAG 키메라·오염을 잡는 품질 검사
32723290	Yue	2020	BMC Bioinformatics	benchmark	metagenome_binning	Evaluating metagenomics tools for genome binning with real metagenomic datasets and CAMI datasets.	비너 15종을 실제·CAMI 데이터로 비교한 벤치마크
33169036	Nayfach	2020	Nat Biotechnol	landmark	metagenome_binning,metagenome_assembly	A genomic catalog of Earth's microbiomes.	1만여 환경 메타게놈에서 MAG 카탈로그(GEM)를 구축한 연구
30661755	Pasolli	2019	Cell	landmark	metagenome_binning,metagenome_assembly,metagenomic_taxonomy	Extensive Unexplored Human Microbiome Diversity Revealed by Over 150,000 Genomes from Metagenomes Spanning Age, Geography, and Lifestyle.	9천여 메타게놈에서 15만 MAG를 복원해 미분류 종 참조를 넓힌 연구
30745586	Almeida	2019	Nature	landmark	metagenome_binning,metagenome_assembly	A new genomic blueprint of the human gut microbiota.	인간 장 메타게놈 9만여 MAG로 미배양 종 카탈로그를 만든 연구
31388474	Kang	2019	PeerJ	method	metagenome_binning	MetaBAT 2: an adaptive binning algorithm for robust and efficient genome reconstruction from metagenome assemblies.	커버리지·조성 기반 비닝의 사실상 기본 도구
31730192	Chaumeil	2019	Bioinformatics	method	metagenome_binning,metagenomic_taxonomy,bacterial_genome_assembly,phylogenetics	GTDB-Tk: a toolkit to classify genomes with the Genome Taxonomy Database.	MAG에 GTDB 기준 분류를 붙이는 표준 도구
29807988	Sieber	2018	Nat Microbiol	method	metagenome_binning	Recovery of genomes from metagenomes via a dereplication, aggregation and scoring strategy.	여러 비너 결과를 점수화해 통합하는 DAS Tool
30219103	Uritskiy	2018	Microbiome	protocol	metagenome_binning,metagenome_assembly	MetaWRAP-a flexible pipeline for genome-resolved metagenomic data analysis.	여러 비너 결과를 합쳐 정제하는 유전체 중심 메타게놈 파이프라인
28742071	Olm	2017	ISME J	method	metagenome_binning	dRep: a tool for fast and accurate genomic comparisons that enables improved genome recovery from metagenomes through de-replication.	여러 샘플에서 나온 MAG를 종 수준으로 중복 제거하는 표준 절차
28787424	Bowers	2017	Nat Biotechnol	guideline	metagenome_binning,metagenome_assembly,bacterial_genome_assembly	Minimum information about a single amplified genome (MISAG) and a metagenome-assembled genome (MIMAG) of bacteria and archaea.	MAG 완성도·오염도 등급과 보고 항목을 정한 GSC 표준
28894102	Parks	2017	Nat Microbiol	landmark	metagenome_binning,metagenome_assembly	Recovery of nearly 8,000 metagenome-assembled genomes substantially expands the tree of life.	대규모 공개 메타게놈에서 MAG를 회수하는 표준 작업 흐름을 보여준 연구
25977477	Parks	2015	Genome Res	method	metagenome_binning,bacterial_genome_assembly	CheckM: assessing the quality of microbial genomes recovered from isolates, single cells, and metagenomes.	계통 특이 마커로 MAG 완성도·오염도를 추정하는 표준 품질 도구
26515820	Wu	2015	Bioinformatics	method	metagenome_binning	MaxBin 2.0: an automated binning algorithm to recover genomes from multiple metagenomic datasets.	마커 유전자와 다중 샘플 커버리지를 쓰는 비닝 도구
25218180	Alneberg	2014	Nat Methods	method	metagenome_binning	Binning metagenomic contigs by coverage and composition.	다중 샘플 커버리지와 조성으로 콘티그를 묶는 CONCOCT 방법
36263822	Alcock	2023	Nucleic Acids Res	method	metagenomic_functional_profiling,bacterial_genome_assembly	CARD 2023: expanded curation, support for machine learning, and resistome prediction at the Comprehensive Antibiotic Resistance Database.	항생제 내성 유전자 주석의 참조 DB와 레지스톰 예측
36477304	Richardson	2023	Nucleic Acids Res	protocol	metagenomic_functional_profiling,metagenomic_taxonomy,amplicon_sequencing,metagenome_assembly	MGnify: the microbiome sequence data analysis resource in 2023.	앰플리콘·샷건 데이터를 표준 파이프라인으로 처리하는 EBI 자원
37140036	Blin	2023	Nucleic Acids Res	method	metagenomic_functional_profiling,genome_annotation	antiSMASH 7.0: new and improved predictions for detection, regulation, chemical structures and visualisation.	MAG·유전체의 생합성 유전자 클러스터를 찾는 표준 도구
33828273	Buchfink	2021	Nat Methods	method	metagenomic_functional_profiling,genome_annotation	Sensitive protein alignments at tree-of-life scale using DIAMOND.	BLASTP 수준 민감도로 대규모 단백질 검색을 하는 DIAMOND 개정판
34135355	Feldgarden	2021	Sci Rep	method	metagenomic_functional_profiling,bacterial_genome_assembly,genome_annotation	AMRFinderPlus and the Reference Gene Catalog facilitate examination of the genomic links among antimicrobial resistance, stress response, and virulence.	NCBI 참조 카탈로그로 내성·병원성 유전자를 찾는 도구
31742321	Aramaki	2020	Bioinformatics	method	metagenomic_functional_profiling,genome_annotation	KofamKOALA: KEGG Ortholog assignment based on profile HMM and adaptive score threshold.	프로파일 HMM으로 KEGG 오솔로그를 배정하는 도구
32766782	Shaffer	2020	Nucleic Acids Res	method	metagenomic_functional_profiling,metagenome_binning,genome_annotation	DRAM for distilling microbial metabolism to automate the curation of microbiome function.	MAG의 대사 기능을 주석하고 요약하는 도구
30418610	Huerta-Cepas	2019	Nucleic Acids Res	method	metagenomic_functional_profiling,genome_annotation	eggNOG 5.0: a hierarchical, functionally and phylogenetically annotated orthology resource based on 5090 organisms and 2502 viruses.	기능 주석에 쓰는 계층적 오솔로그 참조 DB
30733714	Tamames	2019	Front Microbiol	protocol	metagenomic_functional_profiling,metagenome_assembly,metagenome_binning	SqueezeMeta, A Highly Portable, Fully Automatic Metagenomic Analysis Pipeline.	조립부터 기능 주석·비닝까지 자동화한 통합 파이프라인
29035372	Steinegger	2017	Nat Biotechnol	method	metagenomic_functional_profiling,genome_annotation	MMseqs2 enables sensitive protein sequence searching for the analysis of massive data sets.	대규모 메타게놈 단백질 검색·군집화 도구
25853934	Nayfach	2015	Genome Biol	method	metagenomic_functional_profiling	Average genome size estimation improves comparative metagenomics and sheds light on the functional ecology of the human microbiome.	평균 유전체 크기로 기능 존재비를 정규화해야 하는 이유와 방법
25915636	Franzosa	2015	Nat Rev Microbiol	review	metagenomic_functional_profiling,metatranscriptomics,multi_omics_integration	Sequencing and beyond: integrating molecular 'omics' for microbial community profiling.	메타게놈·메타전사체 등 군집 기능 프로파일링 전략을 정리한 리뷰
24982662	Sharpton	2014	Front Plant Sci	review	metagenomic_functional_profiling,metagenomic_taxonomy	An introduction to the analysis of shotgun metagenomic data.	샷건 메타게놈의 분류·기능 분석 절차를 입문 수준으로 정리
24997786	Li	2014	Nat Biotechnol	landmark	metagenomic_functional_profiling,metagenome_assembly	An integrated catalog of reference genes in the human gut microbiome.	유전자 카탈로그 기반 기능 정량의 기준이 된 인간 장 참조 유전자 목록
25402007	Buchfink	2014	Nat Methods	method	metagenomic_functional_profiling,metagenomic_taxonomy	Fast and sensitive protein alignment using DIAMOND.	대량 리드·단백질 검색을 BLASTX보다 빠르게 하는 정렬기
22719234	Abubucker	2012	PLoS Comput Biol	landmark	metagenomic_functional_profiling	Metabolic reconstruction for metagenomic data and its application to the human microbiome.	리드에서 경로 존재비를 재구성하는 HUMAnN 원 방법
23175748	De Filippo	2012	Brief Bioinform	review	metagenomic_functional_profiling	Bioinformatic approaches for functional annotation and pathway inference in metagenomics data.	메타게놈 기능 주석과 경로 추론 방법을 정리한 리뷰
20211023	Hyatt	2010	BMC Bioinformatics	method	metagenomic_functional_profiling,genome_annotation,bacterial_genome_assembly	Prodigal: prokaryotic gene recognition and translation initiation site identification.	콘티그·MAG 유전자 예측의 표준 도구
10592173	Kanehisa	2000	Nucleic Acids Res	landmark	metagenomic_functional_profiling,genome_annotation	KEGG: kyoto encyclopedia of genes and genomes.	기능 프로파일링에 쓰는 KEGG 경로·오솔로그 체계
39804694	Puller	2025	Microb Genom	benchmark	metagenomic_taxonomy	Impact of simulation and reference catalogues on the evaluation of taxonomic profiling pipelines.	모의 데이터와 참조 카탈로그가 프로파일러 평가에 주는 편향을 분석
36823356	Blanco-Míguez	2023	Nat Biotechnol	method	metagenomic_taxonomy	Extending and improving metagenomic taxonomic profiling with uncharacterized species using MetaPhlAn 4.	MAG 기반 미분류 종까지 포함한 마커 유전자 프로파일링
34520557	Parks	2022	Nucleic Acids Res	landmark	metagenomic_taxonomy,metagenome_binning	GTDB: an ongoing census of bacterial and archaeal diversity through a phylogenetically consistent, rank normalized and complete genome-based taxonomy.	분류 참조 DB로 쓰는 GTDB의 갱신판
36171387	Lu	2022	Nat Protoc	protocol	metagenomic_taxonomy,amplicon_sequencing	Metagenome analysis using the Kraken software suite.	Kraken 2·Bracken·KrakenUniq로 분류와 존재비를 추정하는 단계별 프로토콜
36513983	Portik	2022	BMC Bioinformatics	benchmark	metagenomic_taxonomy,ont_long_read,pacbio_long_read	Evaluation of taxonomic classification and profiling methods for long-read shotgun metagenomic sequencing datasets.	장리드 메타게놈 분류·프로파일링 도구를 모의군집으로 비교
33986544	Sun	2021	Nat Methods	benchmark	metagenomic_taxonomy	Challenges in benchmarking metagenomic profilers.	프로파일러 벤치마크 설계의 함정과 공정한 비교 기준을 제시
29028872	Breitwieser	2019	Brief Bioinform	review	metagenomic_taxonomy,metagenome_assembly	A review of methods and databases for metagenomic classification and assembly.	메타게놈 분류 도구와 참조 DB 선택, 조립 방법을 비교한 리뷰
30832730	Meyer	2019	Genome Biol	benchmark	metagenomic_taxonomy	Assessing taxonomic metagenome profilers with OPAL.	분류 프로파일 정확도를 표준 지표로 평가하는 OPAL 프레임워크
30833550	Milanese	2019	Nat Commun	method	metagenomic_taxonomy,metatranscriptomics	Microbial abundance, activity and population genomic profiling with mOTUs2.	단일복제 마커 유전자로 미분류 종까지 정량하는 프로파일러
31398336	Ye	2019	Cell	benchmark	metagenomic_taxonomy	Benchmarking Metagenomics Tools for Taxonomic Classification.	분류기 20종의 정확도와 DB 영향을 비교한 대표 벤치마크
31779668	Wood	2019	Genome Biol	method	metagenomic_taxonomy	Improved metagenomic analysis with Kraken 2.	k-mer 기반 리드 분류의 표준 도구 Kraken 2
30148503	Parks	2018	Nat Biotechnol	landmark	metagenomic_taxonomy,metagenome_binning,phylogenetics	A standardized bacterial taxonomy based on genome phylogeny substantially revises the tree of life.	유전체 계통으로 세균 분류 체계(GTDB)를 표준화한 연구
28934964	McIntyre	2017	Genome Biol	benchmark	metagenomic_taxonomy	Comprehensive benchmarking and ensemble approaches for metagenomic classifiers.	메타게놈 분류기 비교와 앙상블로 위양성을 줄이는 방법
27071849	Menzel	2016	Nat Commun	method	metagenomic_taxonomy	Fast and sensitive taxonomic classification for metagenomics with Kaiju.	단백질 수준 번역 검색으로 먼 계통 리드까지 분류하는 도구
27565341	Nayfach	2016	Cell	review	metagenomic_taxonomy,metagenomic_functional_profiling	Toward Accurate and Quantitative Comparative Metagenomics.	분류·기능 프로파일 정량화와 정규화의 함정을 정리한 리뷰
27852649	Kim	2016	Genome Res	method	metagenomic_taxonomy	Centrifuge: rapid and sensitive classification of metagenomic sequences.	압축 인덱스로 메모리를 줄인 메타게놈 리드 분류기
26418763	Truong	2015	Nat Methods	method	metagenomic_taxonomy	MetaPhlAn2 for enhanced metagenomic taxonomic profiling.	클레이드 특이 마커 유전자 기반 프로파일링 방법
24580807	Wood	2014	Genome Biol	method	metagenomic_taxonomy	Kraken: ultrafast metagenomic sequence classification using exact alignments.	정확한 k-mer 일치로 LCA 분류를 하는 Kraken 원 논문
35242286	Blakeley-Ruiz	2022	Comput Struct Biotechnol J	review	metaproteomics	Considerations for constructing a protein sequence database for metaproteomics.	metaproteomics용 단백질 서열 데이터베이스 구성 지침
33630960	Salvato	2021	PLoS Pathog	review	metaproteomics	Five key aspects of metaproteomics as a tool to understand functional interactions in host-associated microbiomes.	숙주 연관 미생물군 metaproteomics의 다섯 가지 핵심 고려사항
34911965	Van Den Bossche	2021	Nat Commun	benchmark	metaproteomics	Critical Assessment of MetaProteome Investigation (CAMPI): a multi-laboratory comparison of established workflows.	다기관 metaproteomics 워크플로 비교 벤치마크(CAMPI)
34930457	Van Den Bossche	2021	Microbiome	guideline	metaproteomics	The Metaproteomics Initiative: a coordinated approach for propelling the functional characterization of microbiomes.	metaproteomics 표준화를 위한 Metaproteomics Initiative 제안
31002542	Schiebenhoefer	2019	Expert Rev Proteomics	review	metaproteomics,multi_omics_integration	Challenges and promise at the interface of metaproteomics and genomics: an overview of recent progress in metaproteogenomic data analysis.	metagenome과 metaproteome을 잇는 metaproteogenomics 분석 리뷰
31117019	Kleiner	2019	mSystems	review	metaproteomics	Metaproteomics: Much More than Measuring Gene Expression in Microbial Communities.	metaproteomics로 측정할 수 있는 군집 기능·생물량 범위 리뷰
31235611	Easterly	2019	Mol Cell Proteomics	method	metaproteomics	metaQuantome: An Integrated, Quantitative Metaproteomics Approach Reveals Connections Between Taxonomy and Protein Function in Complex Microbiomes.	분류군·기능을 함께 정량하는 metaproteomics 분석 metaQuantome
31755272	Aakko	2019	J Proteome Res	method	metaproteomics,proteomics_dia	Data-Independent Acquisition Mass Spectrometry in Metaproteomics of Gut Microbiota-Implementation and Computational Analysis.	장내 미생물 metaproteomics에 DIA를 적용한 구현과 분석
30465426	Gurdeep Singh	2018	J Proteome Res	method	metaproteomics	Unipept 4.0: Functional Analysis of Metaproteome Data.	펩타이드 기반 분류·기능 분석 Unipept 4.0
28663049	Heyer	2017	J Biotechnol	review	metaproteomics	Challenges and perspectives of metaproteomic data analysis.	metaproteomics 데이터 분석의 난제와 해법 리뷰
29146960	Kleiner	2017	Nat Commun	method	metaproteomics	Assessing species biomass contributions in microbial communities via metaproteomics.	metaproteomics로 군집 내 종별 생물량 기여를 추정하는 방법
29197424	Cheng	2017	Microbiome	method	metaproteomics	MetaLab: an automated pipeline for metaproteomic data analysis.	metaproteomics 자동 분석 파이프라인 MetaLab
27343061	Zhang	2016	Microbiome	method	metaproteomics	MetaPro-IQ: a universal metaproteomic approach to studying human and mouse gut microbiota.	장내 미생물 metaproteome을 위한 반복 데이터베이스 검색 전략 MetaPro-IQ
27671352	Tanca	2016	Microbiome	benchmark	metaproteomics	The impact of sequence database choice on metaproteomic results in gut microbiota studies.	검색 데이터베이스 선택이 metaproteomics 결과에 주는 영향 비교
25660940	Muth	2015	J Proteome Res	method	metaproteomics	The MetaProteomeAnalyzer: a powerful open-source software suite for metaproteomics data analysis and interpretation.	metaproteomics 검색·해석 소프트웨어 MetaProteomeAnalyzer
25778831	Muth	2015	Proteomics	review	metaproteomics	Navigating through metaproteomics data: a logbook of database searching.	metaproteomics 데이터베이스 검색 전략 정리
26058579	Jagtap	2015	Proteomics	protocol	metaproteomics	Metaproteomic analysis using the Galaxy framework.	Galaxy 기반 metaproteomics 분석 워크플로
18971961	Verberkmoes	2008	ISME J	landmark	metaproteomics	Shotgun metaproteomics of the human distal gut microbiota.	사람 장내 미생물 shotgun metaproteomics 첫 연구
16406790	Wilmes	2006	Trends Microbiol	review	metaproteomics	Metaproteomics: studying functional gene expression in microbial ecosystems.	metaproteomics 개념을 정립한 초기 리뷰
15879173	Ram	2005	Science	landmark	metaproteomics	Community proteomics of a natural microbial biofilm.	자연 미생물 biofilm 군집 proteomics 첫 대규모 연구
38425025	Pereira-Marques	2024	Gut Microbes	method	metatranscriptomics	A metatranscriptomics strategy for efficient characterization of the microbiome in human tissues with low microbial biomass	저biomass 인체 조직 메타전사체 숙주 RNA 제거 전략
37370188	Taj	2023	Microbiome	method	metatranscriptomics	MetaPro: a scalable and reproducible data processing and analysis pipeline for metatranscriptomic investigation of microbial communities	확장형 메타전사체 처리·분석 파이프라인
33944776	Beghini	2021	Elife	method	metatranscriptomics,metagenomic_taxonomy,metagenomic_functional_profiling	Integrating taxonomic, functional, and strain-level profiling of diverse microbial communities with bioBakery 3	MetaPhlAn3·HUMAnN3로 분류·기능 프로파일링(bioBakery 3)
34252963	Zhang	2021	Bioinformatics	method	metatranscriptomics	Statistical approaches for differential expression analysis in metatranscriptomics	DNA 풍부도 보정 메타전사체 DE 통계 모형
34465175	Zhang	2021	Annu Rev Biomed Data Sci	review	metatranscriptomics,metagenomic_functional_profiling	Metatranscriptomics for the Human Microbiome and Microbial Community Functional Profiling	인간 마이크로바이옴 메타전사체 분석 방법 리뷰
31142855	Lloyd-Price	2019	Nature	landmark	metatranscriptomics,multi_omics_integration,metagenomic_functional_profiling,metaproteomics,metabolomics	Multi-omics of the gut microbial ecosystem in inflammatory bowel diseases	IBD 장내 미생물 메타전사체 포함 다중오믹스(iHMP)
31608125	Shakya	2019	Front Genet	review	metatranscriptomics	Advances and Challenges in Metatranscriptomic Analysis	메타전사체 분석 단계별 과제와 도구 리뷰
29311644	Schirmer	2018	Nat Microbiol	landmark	metatranscriptomics	Dynamics of metatranscription in the inflammatory bowel disease gut microbiome	IBD 장내 미생물 전사 동역학 분석
29335555	Abu-Ali	2018	Nat Microbiol	landmark	metatranscriptomics	Metatranscriptome of human faecal microbial communities in a cohort of adult men	성인 코호트 분변 메타전사체의 개인·시간 변이
29783945	Westreich	2018	BMC Bioinformatics	method	metatranscriptomics	SAMSA2: a standalone metatranscriptome analysis pipeline	독립 실행형 메타전사체 분석 파이프라인
30377376	Franzosa	2018	Nat Methods	method	metatranscriptomics,metagenomic_functional_profiling	Species-level functional profiling of metagenomes and metatranscriptomes	종 수준 메타게놈·메타전사체 기능 정량(HUMAnN2)
29062598	Klingenberg	2017	PeerJ	benchmark	metatranscriptomics	How to normalize metatranscriptomic count data for differential expression analysis	메타전사체 count 정규화 방법 비교
27127406	Bashiardes	2016	Bioinform Biol Insights	review	metatranscriptomics	Use of Metatranscriptomics in Microbiome Research	마이크로바이옴 메타전사체 실험·분석 개요
27199545	Aguiar-Pulido	2016	Evol Bioinform Online	review	metatranscriptomics,metagenomic_taxonomy,metabolomics	Metagenomics, Metatranscriptomics, and Metabolomics Approaches for Microbiome Analysis	마이크로바이옴 메타게놈·메타전사체·대사체 접근 비교 리뷰
27723761	Heintz-Buschart	2016	Nat Microbiol	landmark	metatranscriptomics,multi_omics_integration,metaproteomics	Integrated multi-omics of the human gut microbiome in a case study of familial type 1 diabetes	메타게놈·메타전사체·메타단백체 통합 분석 사례
27986083	Narayanasamy	2016	Genome Biol	method	metatranscriptomics,metagenome_assembly,metagenome_binning	IMP: a pipeline for reproducible reference-independent integrated metagenomic and metatranscriptomic analyses	메타게놈·메타전사체 통합 재현 가능 파이프라인
24843156	Franzosa	2014	Proc Natl Acad Sci U S A	landmark	metatranscriptomics,metagenomic_functional_profiling	Relating the metatranscriptome and metagenome of the human gut	장내 메타전사체와 메타게놈의 관계를 처음 정량
25411636	Celaj	2014	Microbiome	benchmark	metatranscriptomics	Comparison of assembly algorithms for improving rate of metatranscriptomic functional annotation	메타전사체 조립 도구 비교와 기능 주석률
22931831	Moran	2013	ISME J	review	metatranscriptomics	Sizing up metatranscriptomics	메타전사체 시퀀싱 깊이·설계 고려사항
23071270	Kopylova	2012	Bioinformatics	method	metatranscriptomics	SortMeRNA: fast and accurate filtering of ribosomal RNAs in metatranscriptomic data	메타전사체 rRNA 리드 제거 도구
21408168	Gosalbes	2011	PLoS One	landmark	metatranscriptomics	Metatranscriptomic approach to analyze the functional human gut microbiota	인간 장내 미생물 메타전사체 초기 연구
21572440	Grabherr	2011	Nat Biotechnol	method	metatranscriptomics,bulk_rna_seq	Full-length transcriptome assembly from RNA-Seq data without a reference genome	참조 없는 전사체 조립(Trinity)
18316740	Frias-Lopez	2008	Proc Natl Acad Sci U S A	landmark	metatranscriptomics	Microbial community gene expression in ocean surface waters	해양 미생물 군집 메타전사체 초기 연구
25633503	Huber	2015	Nat Methods	review	microarray_expression,bulk_rna_seq	Orchestrating high-throughput genomic analysis with Bioconductor	Bioconductor 기반 발현 분석 체계 리뷰
24454679	Zhao	2014	PLoS One	benchmark	microarray_expression,bulk_rna_seq	Comparison of RNA-Seq and microarray in transcriptome profiling of activated T cells	같은 시료에서 어레이와 RNA-seq 발현을 비교
23323831	Hänzelmann	2013	BMC Bioinformatics	method	microarray_expression,bulk_rna_seq	GSVA: gene set variation analysis for microarray and RNA-seq data	샘플 단위 유전자 집합 점수화(GSVA)
23193258	Barrett	2012	Nucleic Acids Res	method	microarray_expression,bulk_rna_seq	NCBI GEO: archive for functional genomics data sets--update	공개 발현 데이터 저장소 GEO
20097884	McCall	2010	Biostatistics	method	microarray_expression	Frozen robust multiarray analysis (fRMA)	배치 단위로 처리 가능한 고정 RMA 전처리
20688976	Carvalho	2010	Bioinformatics	method	microarray_expression	A framework for oligonucleotide microarray preprocessing	oligo 패키지의 어레이 전처리 체계
20838408	Leek	2010	Nat Rev Genet	review	microarray_expression,bulk_rna_seq	Tackling the widespread and critical impact of batch effects in high-throughput data	고처리량 발현 데이터의 배치 효과 진단·보정 리뷰
19106121	Kauffmann	2008	Bioinformatics	method	microarray_expression	arrayQualityMetrics--a bioconductor package for quality assessment of microarray data	마이크로어레이 품질 평가 보고 도구
17496320	Davis	2007	Bioinformatics	method	microarray_expression	GEOquery: a bridge between the Gene Expression Omnibus (GEO) and BioConductor	GEO 어레이 행렬을 R로 가져오는 도구
17907809	Leek	2007	PLoS Genet	method	microarray_expression,bulk_rna_seq	Capturing heterogeneity in gene expression studies by surrogate variable analysis	숨은 교란 요인을 잡는 surrogate variable analysis
16369572	Allison	2006	Nat Rev Genet	review	microarray_expression	Microarray data analysis: from disarray to consolidation and consensus	마이크로어레이 설계·정규화·검정의 합의된 절차 리뷰
16632515	Johnson	2006	Biostatistics	method	microarray_expression,bulk_rna_seq	Adjusting batch effects in microarray expression data using empirical Bayes methods	경험적 베이즈 배치 보정(ComBat)
16964229	MAQC Consortium	2006	Nat Biotechnol	benchmark	microarray_expression	The MicroArray Quality Control (MAQC) project shows inter- and intraplatform reproducibility of gene expression measurements	플랫폼 간 어레이 발현 재현성을 검증한 MAQC
15461798	Gentleman	2004	Genome Biol	method	microarray_expression	Bioconductor: open software development for computational biology and bioinformatics	어레이 분석 생태계 Bioconductor 원논문
16646809	Smyth	2004	Stat Appl Genet Mol Biol	method	microarray_expression	Linear models and empirical bayes methods for assessing differential expression in microarray experiments	마이크로어레이 DE의 moderated t 검정(limma) 원논문
12538238	Bolstad	2003	Bioinformatics	method	microarray_expression	A comparison of normalization methods for high density oligonucleotide array data based on variance and bias	어레이 quantile 정규화 비교와 제안
12883005	Storey	2003	Proc Natl Acad Sci U S A	method	microarray_expression,bulk_rna_seq	Statistical significance for genomewide studies	유전체 규모 다중검정의 q-value
12925520	Irizarry	2003	Biostatistics	method	microarray_expression	Exploration, normalization, and summaries of high density oligonucleotide array probe level data	RMA 전처리·요약 방법
11309499	Tusher	2001	Proc Natl Acad Sci U S A	method	microarray_expression	Significance analysis of microarrays applied to the ionizing radiation response	어레이 DE 유의성 분석(SAM)과 FDR 추정
11726920	Brazma	2001	Nat Genet	guideline	microarray_expression	Minimum information about a microarray experiment (MIAME)-toward standards for microarray data	마이크로어레이 실험 보고 최소 정보 표준(MIAME)
33402734	Cantini	2021	Nat Commun	benchmark	multi_omics_integration	Benchmarking joint multi-omics dimensionality reduction approaches for the study of cancer.	joint dimensionality reduction 기반 multi-omics 통합 방법 벤치마크
34285775	Picard	2021	Comput Struct Biotechnol J	review	multi_omics_integration	Integration strategies of multi-omics data for machine learning analysis.	기계학습 multi-omics 통합 전략(early·intermediate·late) 리뷰
32076369	Subramanian	2020	Bioinform Biol Insights	review	multi_omics_integration	Multi-omics Data Integration, Interpretation, and Its Application.	multi-omics 데이터 통합·해석 방법과 응용 리뷰
33362867	Krassowski	2020	Front Genet	review	multi_omics_integration	State of the Field in Multi-Omics Research: From Computational Needs to Data Mining and Sharing.	multi-omics 연구의 계산 요구와 데이터 공유 현황 리뷰
29272335	Tini	2019	Brief Bioinform	benchmark	multi_omics_integration	Multi-omics integration-a comparison of unsupervised clustering methodologies.	비지도 multi-omics 군집화 방법 비교
30657866	Singh	2019	Bioinformatics	method	multi_omics_integration	DIABLO: an integrative approach for identifying key molecular drivers from multi-omics assays.	다중 오믹스 지도 통합으로 핵심 분자를 고르는 DIABLO
29479082	Karczewski	2018	Nat Rev Genet	review	multi_omics_integration	Integrative omics for health and disease.	건강·질병 연구의 통합 오믹스 리뷰
29925568	Argelaguet	2018	Mol Syst Biol	method	multi_omics_integration	Multi-Omics Factor Analysis-a framework for unsupervised integration of multi-omics data sets.	여러 오믹스의 공통 변동 요인을 찾는 비지도 통합 MOFA
30295871	Rappoport	2018	Nucleic Acids Res	benchmark	multi_omics_integration	Multi-omic and multi-view clustering algorithms: review and cancer benchmark.	multi-omic·multi-view 군집화 알고리즘 리뷰와 암 데이터 벤치마크
28476144	Hasin	2017	Genome Biol	review	multi_omics_integration	Multi-omics approaches to disease.	질병 연구의 multi-omics 접근법 리뷰
28670325	Huang	2017	Front Genet	review	multi_omics_integration	More Is Better: Recent Progress in Multi-Omics Data Integration Methods.	multi-omics 통합 방법의 최근 진전 리뷰
29092936	Ramos	2017	Cancer Res	method	multi_omics_integration	Software for the Integration of Multiomics Experiments in Bioconductor.	Bioconductor에서 여러 오믹스를 함께 다루는 MultiAssayExperiment
29099853	Rohart	2017	PLoS Comput Biol	method	multi_omics_integration	mixOmics: An R package for 'omics feature selection and multiple data integration.	오믹스 특성 선택과 다중 데이터 통합 R 패키지 mixOmics
26821531	Bersanelli	2016	BMC Bioinformatics	review	multi_omics_integration	Methods for the integration of multi-omics data: mathematical aspects.	multi-omics 통합 방법의 수학적 분류 리뷰
26969681	Meng	2016	Brief Bioinform	review	multi_omics_integration	Dimension reduction techniques for the integrative analysis of multi-omics data.	multi-omics 통합 분석의 차원 축소 기법 리뷰
25582081	Ritchie	2015	Nat Rev Genet	review	multi_omics_integration	Methods of integrating data to uncover genotype-phenotype interactions.	유전형-표현형 연결을 위한 데이터 통합 방법 분류 리뷰
24464287	Wang	2014	Nat Methods	method	multi_omics_integration	Similarity network fusion for aggregating data types on a genomic scale.	유사도 네트워크 융합으로 여러 데이터 유형을 통합하는 SNF
23431203	Mo	2013	Proc Natl Acad Sci U S A	method	multi_omics_integration	Pattern discovery and cancer gene identification in integrated cancer genomic data.	여러 유형의 암 유전체 데이터를 통합 군집화하는 iCluster+
23745156	Lock	2013	Ann Appl Stat	method	multi_omics_integration	JOINT AND INDIVIDUAL VARIATION EXPLAINED (JIVE) FOR INTEGRATED ANALYSIS OF MULTIPLE DATA TYPES.	데이터 유형 간 공통·개별 변동을 분해하는 JIVE
19759197	Shen	2009	Bioinformatics	method	multi_omics_integration	Integrative clustering of multiple genomic data types using a joint latent variable model with application to breast and lung cancer subtype analysis.	잠재변수 모델 기반 통합 군집화 iCluster
42457719	Kulkarni	2026	Nat Commun	benchmark	ont_long_read,dna_methylation	Comprehensive benchmarking of tools for nanopore-based detection of DNA methylation	나노포어 DNA 메틸화 검출 도구 최신 벤치마크
39388235	Hall	2024	Elife	benchmark	ont_long_read,bacterial_genome_assembly	Benchmarking reveals superiority of deep learning variant callers on bacterial nanopore sequence data	세균 나노포어 데이터 변이 호출기 벤치마크
36862631	Wick	2023	PLoS Comput Biol	protocol	ont_long_read,bacterial_genome_assembly,de_novo_genome_assembly	Assembling the perfect bacterial genome using Oxford Nanopore and Illumina sequencing	ONT+Illumina로 완벽한 세균 유전체를 조립하는 지침
37041647	Pagès-Gallego	2023	Genome Biol	benchmark	ont_long_read	Comprehensive benchmark and architectural analysis of deep learning models for nanopore sequencing basecalling	나노포어 딥러닝 베이스콜러 구조 비교 벤치마크
37171891	De Coster	2023	Bioinformatics	method	ont_long_read	NanoPack2: population-scale evaluation of long-read sequencing data	롱리드 QC 도구 NanoPack2
37710018	Kolmogorov	2023	Nat Methods	landmark	ont_long_read,structural_variant_calling,dna_methylation,germline_wgs_wes	Scalable Nanopore sequencing of human genomes provides a comprehensive view of haplotype-resolved variation and methylation	대규모 나노포어 사람 유전체에서 변이·메틸화를 haplotype 단위로 분석한 파이프라인
35357915	Gershman	2022	Science	landmark	ont_long_read,pacbio_long_read,dna_methylation	Epigenetic patterns in a complete human genome	T2T 완전 유전체의 롱리드 메틸화 지도
35511110	Zhang	2022	Brief Bioinform	benchmark	ont_long_read,pacbio_long_read,de_novo_genome_assembly	Benchmarking of long-read sequencing, assemblers and polishers for yeast genome	효모 유전체 롱리드 플랫폼·조립기·폴리셔 벤치마크
38177392	Zheng	2022	Nat Comput Sci	method	ont_long_read,pacbio_long_read,germline_wgs_wes	Symphonizing pileup and full-alignment for deep learning-based long-read variant calling	롱리드 소변이 호출기 Clair3
33813888	Sun	2021	Philos Trans R Soc Lond B Biol Sci	benchmark	ont_long_read,de_novo_genome_assembly	Benchmarking Oxford Nanopore read assemblers for high-quality molluscan genomes	연체동물 유전체 ONT 조립기 비교
34103501	Yuen	2021	Nat Commun	benchmark	ont_long_read,dna_methylation	Systematic benchmarking of tools for CpG methylation detection from nanopore sequencing	나노포어 CpG 메틸화 검출 도구 체계적 벤치마크
34521459	Wick	2021	Genome Biol	method	ont_long_read,bacterial_genome_assembly,de_novo_genome_assembly	Trycycler: consensus long-read assemblies for bacterial genomes	여러 조립을 합쳐 consensus 세균 조립을 만드는 Trycycler
34725481	Shafin	2021	Nat Methods	method	ont_long_read,germline_wgs_wes	Haplotype-aware variant calling with PEPPER-Margin-DeepVariant enables high accuracy in nanopore long-reads	나노포어 리드 기반 haplotype-aware 소변이 호출(PEPPER-Margin-DeepVariant)
34750572	Wang	2021	Nat Biotechnol	review	ont_long_read,dna_methylation,long_read_transcriptomics	Nanopore sequencing technology, bioinformatics and applications	나노포어 기술, 분석 도구, 응용 전반을 다룬 리뷰
31819265	Ruan	2020	Nat Methods	method	ont_long_read,pacbio_long_read,de_novo_genome_assembly	Fast and accurate long-read assembly with wtdbg2	대용량 롱리드를 빠르게 조립하는 wtdbg2
32686750	Shafin	2020	Nat Biotechnol	method	ont_long_read,de_novo_genome_assembly	Nanopore sequencing and the Shasta toolkit enable efficient de novo assembly of eleven human genomes	나노포어 전용 고속 조립기 Shasta와 사람 유전체 조립
33271875	Chen	2020	Int J Mol Sci	benchmark	ont_long_read,bacterial_genome_assembly,de_novo_genome_assembly	Benchmarking Long-Read Assemblers for Genomic Analyses of Bacterial Pathogens Using Oxford Nanopore Sequencing	세균 병원체 ONT 조립기 벤치마크
30936562	Kolmogorov	2019	Nat Biotechnol	method	ont_long_read,pacbio_long_read,de_novo_genome_assembly,bacterial_genome_assembly	Assembly of long, error-prone reads using repeat graphs	반복 그래프 기반 롱리드 조립기 Flye
31234903	Wick	2019	Genome Biol	benchmark	ont_long_read	Performance of neural network basecalling tools for Oxford Nanopore sequencing	ONT 베이스콜러들의 정확도와 속도를 비교한 벤치마크
31984131	Wick	2019	F1000Res	benchmark	ont_long_read,pacbio_long_read,de_novo_genome_assembly,bacterial_genome_assembly	Benchmarking of long-read assemblers for prokaryote whole genome sequencing	원핵생물 롱리드 조립기 벤치마크
29431738	Jain	2018	Nat Biotechnol	landmark	ont_long_read,de_novo_genome_assembly	Nanopore sequencing and assembly of a human genome with ultra-long reads	초장거리 나노포어 리드로 사람 유전체를 조립한 첫 사례
29547981	De Coster	2018	Bioinformatics	method	ont_long_read	NanoPack: visualizing and processing long-read sequencing data	롱리드 QC와 필터링 도구 모음 NanoPack
28100585	Vaser	2017	Genome Res	method	ont_long_read,pacbio_long_read,de_novo_genome_assembly	Fast and accurate de novo genome assembly from long uncorrected reads	롱리드 조립 후 consensus 폴리싱 도구 Racon
28218898	Simpson	2017	Nat Methods	method	ont_long_read,dna_methylation	Detecting DNA cytosine methylation using nanopore sequencing	나노포어 신호로 CpG 메틸화를 검출한 nanopolish 방법
28298431	Koren	2017	Genome Res	method	ont_long_read,pacbio_long_read,de_novo_genome_assembly	Canu: scalable and accurate long-read assembly via adaptive k-mer weighting and repeat separation	오류 많은 롱리드의 보정·조립 도구 Canu
27153593	Li	2016	Bioinformatics	method	ont_long_read,pacbio_long_read,de_novo_genome_assembly	Minimap and miniasm: fast mapping and de novo assembly for noisy long sequences	오류 보정 없는 롱리드 조립 minimap/miniasm
27184599	Goodwin	2016	Nat Rev Genet	review	ont_long_read,pacbio_long_read	Coming of age: ten years of next-generation sequencing technologies	차세대·롱리드 시퀀싱 기술 비교 리뷰
38168995	Dolzhenko	2024	Nat Biotechnol	method	pacbio_long_read,germline_wgs_wes	Characterization and visualization of tandem repeats at genome scale	HiFi로 tandem repeat 유전자형을 판정하는 TRGT
38269623	Holt	2024	Bioinformatics	method	pacbio_long_read,germline_wgs_wes	HiPhase: jointly phasing small, structural, and tandem repeat variants from HiFi sequencing	HiFi 변이 통합 phasing 도구 HiPhase
38730258	Cheng	2024	Nat Methods	method	pacbio_long_read,ont_long_read,de_novo_genome_assembly	Scalable telomere-to-telomere assembly for diploid and polyploid genomes with double graph	HiFi와 초장거리 ONT를 결합한 T2T 이배체·다배체 조립(hifiasm)
36050551	Baid	2023	Nat Biotechnol	method	pacbio_long_read	DeepConsensus improves the accuracy of sequences with a gap-aware sequence transformer	딥러닝으로 HiFi consensus 정확도를 높인 DeepConsensus
36797493	Rautiainen	2023	Nat Biotechnol	method	pacbio_long_read,ont_long_read,de_novo_genome_assembly	Telomere-to-telomere assembly of diploid chromosomes with Verkko	HiFi와 ONT를 합쳐 T2T 이배체 조립을 자동화한 Verkko
37422489	Ni	2023	Nat Commun	method	pacbio_long_read,dna_methylation	DNA 5-methylcytosine detection and methylation phasing using PacBio circular consensus sequencing	PacBio CCS로 5mC 검출과 메틸화 phasing을 한 방법
33495335	Tse	2021	Proc Natl Acad Sci U S A	method	pacbio_long_read,dna_methylation	Genome-wide detection of cytosine methylation by single molecule real-time sequencing	SMRT 시퀀싱 신호로 시토신 메틸화를 전장 검출
33526886	Cheng	2021	Nat Methods	method	pacbio_long_read,de_novo_genome_assembly	Haplotype-resolved de novo assembly using phased assembly graphs with hifiasm	HiFi 리드 haplotype-resolved 조립기 hifiasm
32801147	Nurk	2020	Genome Res	method	pacbio_long_read,de_novo_genome_assembly	HiCanu: accurate assembly of segmental duplications, satellites, and allelic variants from high-fidelity long reads	HiFi 리드 전용 조립기 HiCanu
33203859	Hon	2020	Sci Data	benchmark	pacbio_long_read	Highly accurate long-read HiFi sequencing data for five complex genomes	복잡 유전체 5종의 HiFi 기준 데이터셋
31406327	Wenger	2019	Nat Biotechnol	method	pacbio_long_read,germline_wgs_wes,structural_variant_calling,de_novo_genome_assembly	Accurate circular consensus long-read sequencing improves variant detection and assembly of a human genome.	PacBio HiFi로 소변이·SV 검출 정확도 향상
31604920	Edge	2019	Nat Commun	method	pacbio_long_read,ont_long_read,germline_wgs_wes	Longshot enables accurate variant calling in diploid genomes from single-molecule long read sequencing	롱리드 SNV 호출과 phasing 도구 Longshot
29401301	Ardui	2018	Nucleic Acids Res	review	pacbio_long_read,long_read_transcriptomics,dna_methylation	Single molecule real-time (SMRT) sequencing comes of age: applications and utilities for medical diagnostics	SMRT 시퀀싱 응용 전반 리뷰
27749838	Chin	2016	Nat Methods	method	pacbio_long_read,de_novo_genome_assembly	Phased diploid genome assembly with single-molecule real-time sequencing	PacBio 리드의 phased 이배체 조립 FALCON-Unzip
25658651	Patterson	2015	J Comput Biol	method	pacbio_long_read,ont_long_read,germline_wgs_wes	WhatsHap: Weighted Haplotype Assembly for Future-Generation Sequencing Reads	롱리드 리드 기반 phasing 도구 WhatsHap
26542840	Rhoads	2015	Genomics Proteomics Bioinformatics	review	pacbio_long_read	PacBio Sequencing and Its Applications	PacBio 시퀀싱 원리와 응용 개관
23644548	Chin	2013	Nat Methods	method	pacbio_long_read,de_novo_genome_assembly,bacterial_genome_assembly	Nonhybrid, finished microbial genome assemblies from long-read SMRT sequencing data	PacBio 리드만으로 미생물 유전체를 완성하는 HGAP
19023044	Eid	2009	Science	landmark	pacbio_long_read	Real-time DNA sequencing from single polymerase molecules	단일분자 실시간(SMRT) 시퀀싱의 원천 논문
37165083	Hickey	2024	Nat Biotechnol	method	pangenomics	Pangenome graph construction from genome alignments with Minigraph-Cactus	Minigraph-Cactus pangenome 구축 파이프라인
38663087	Taylor	2024	Annu Rev Genomics Hum Genet	review	pangenomics,de_novo_genome_assembly	Beyond the Human Genome Project: The Age of Complete Human Genome Sequences and Pangenome References	완전 사람 유전체와 pangenome 레퍼런스 시대 리뷰
39400346	Heumos	2024	Bioinformatics	method	pangenomics	Cluster-efficient pangenome graph construction with nf-core/pangenome	nf-core/pangenome으로 클러스터에서 pangenome 그래프를 재현성 있게 구축
39433878	Garrison	2024	Nat Methods	method	pangenomics	Building pangenome graphs	편향 없는 pangenome 그래프 구축 PGGB
39552065	Matthews	2024	Brief Bioinform	review	pangenomics	A gentle introduction to pangenomics	pangenomics 입문 리뷰
37165242	Liao	2023	Nature	landmark	pangenomics,de_novo_genome_assembly,pacbio_long_read	A draft human pangenome reference	사람 pangenome 레퍼런스 초안(HPRC)
37227251	Tonkin-Hill	2023	Microb Genom	review	pangenomics,bacterial_genome_assembly	Challenges in prokaryote pangenomics	원핵생물 pangenomics의 난제 정리
37316654	Gao	2023	Nature	landmark	pangenomics	A pangenome reference of 36 Chinese populations	중국인 pangenome 레퍼런스 구축
38037131	Andreace	2023	Genome Biol	benchmark	pangenomics	Comparing methods for constructing and representing human pangenome graphs	사람 pangenome 그래프 구축·표현 방법 비교
35410384	Ebler	2022	Nat Genet	method	pangenomics,structural_variant_calling	Pangenome-based genome inference allows efficient and accurate genotyping across a wide spectrum of variant classes	pangenome 기반 숏리드 변이 유전자형 판정 PanGenie
32893299	Bonnici	2021	Brief Bioinform	review	pangenomics	Challenges in gene-oriented approaches for pangenome content discovery	유전자 중심 pangenome 내용 탐색의 과제
33397434	Della Coletta	2021	Genome Biol	review	pangenomics	How the pan-genome is changing crop genomics and improvement	작물 유전체학에서 pan-genome 활용 리뷰
33929893	Miga	2021	Annu Rev Genomics Hum Genet	review	pangenomics	The Need for a Human Pangenome Reference Sequence	사람 pangenome 레퍼런스의 필요성 정리
34914532	Sirén	2021	Science	method	pangenomics,structural_variant_calling	Pangenomics enables genotyping of known structural variants in 5202 diverse genomes	pangenome 그래프 고속 리드 정렬 Giraffe와 대규모 SV 유전자형 판정
31406990	Sirén	2020	Bioinformatics	method	pangenomics	Haplotype-aware graph indexes	pangenome 그래프의 haplotype 인덱스 GBWT 구축 방법
31882191	Golicz	2020	Trends Genet	review	pangenomics	Pangenomics Comes of Age: From Bacteria to Plant and Animal Applications	세균부터 동식물까지 pangenomics 발전 리뷰
32034321	Sherman	2020	Nat Rev Genet	review	pangenomics	Pan-genomics in the human genome era	사람 유전체 시대의 pan-genomics 리뷰
32051000	Hickey	2020	Genome Biol	method	pangenomics,structural_variant_calling	Genotyping structural variants in pangenome graphs using the vg toolkit	pangenome 그래프에서 SV 유전자형 판정(vg)
32191703	Gautreau	2020	PLoS Comput Biol	method	pangenomics	PPanGGOLiN: Depicting microbial diversity via a partitioned pangenome graph	분할 그래프 기반 원핵생물 pangenome 분석 PPanGGOLiN
32453966	Eizenga	2020	Annu Rev Genomics Hum Genet	review	pangenomics	Pangenome Graphs	pangenome 그래프 자료구조와 활용 리뷰
32690893	Bayer	2020	Nat Plants	review	pangenomics	Plant pan-genomes are the new reference	식물 pan-genome이 새 레퍼런스가 되는 흐름 리뷰
32698896	Tonkin-Hill	2020	Genome Biol	method	pangenomics,bacterial_genome_assembly	Producing polished prokaryotic pangenomes with the Panaroo pipeline	주석 오류를 보정하는 세균 pangenome 도구 Panaroo
33066802	Li	2020	Genome Biol	method	pangenomics,structural_variant_calling	The design and construction of reference pangenome graphs with minigraph	레퍼런스 pangenome 그래프 구축 minigraph
30643257	Rakocevic	2019	Nat Genet	method	pangenomics,germline_wgs_wes	Fast and accurate genomic analyses using genome graphs	그래프 유전체 기반 정렬·변이 호출
27769991	Computational Pan-Genomics Consortium	2018	Brief Bioinform	review	pangenomics	Computational pan-genomics: status, promises and challenges	계산 pan-genomics의 현황과 과제(컨소시엄)
30125266	Garrison	2018	Nat Biotechnol	method	pangenomics	Variation graph toolkit improves read mapping by representing genetic variation in the reference	변이 그래프 정렬 툴킷 vg
25483351	Vernikos	2015	Curr Opin Microbiol	review	pangenomics	Ten years of pan-genome analyses	pan-genome 분석 10년 리뷰
26198102	Page	2015	Bioinformatics	method	pangenomics,bacterial_genome_assembly	Roary: rapid large-scale prokaryote pan genome analysis	대규모 원핵생물 pan-genome 분석 Roary
16172379	Tettelin	2005	Proc Natl Acad Sci U S A	landmark	pangenomics	"Genome analysis of multiple pathogenic isolates of Streptococcus agalactiae: implications for the microbial ""pan-genome"""	pan-genome 개념을 처음 정의한 세균 연구
40759747	Ahlmann-Eltze	2025	Nat Methods	benchmark	perturb_seq	Deep-learning-based gene perturbation effect prediction does not yet outperform simple linear baselines	교란 예측 딥러닝이 선형 기준선을 못 넘음을 보인 평가
38279009	Peidli	2024	Nat Methods	benchmark	perturb_seq	scPerturb: harmonized single-cell perturbation data	단일세포 교란 데이터셋 통일 자료원과 E-distance 평가 기준
38760839	Barry	2024	Genome Biol	method	perturb_seq	Robust differential expression testing for single-cell CRISPR screens at low multiplicity of infection	저MOI 스크린 차등발현 검정의 보정된 방법
39178831	Rood	2024	Cell	review	perturb_seq	Toward a foundation model of causal cell and tissue biology with a Perturbation Cell and Tissue Atlas	대규모 교란 아틀라스 구축 방향과 설계 원칙 제시
37154091	Lotfollahi	2023	Mol Syst Biol	method	perturb_seq	Predicting cellular responses to complex perturbations in high-throughput screens	CPA: 약물·유전 조합 교란 반응 예측
37592036	Roohani	2023	Nat Biotechnol	method	perturb_seq	Predicting transcriptional outcomes of novel multigene perturbations with GEARS	GEARS: 미관측 다중유전자 교란 결과 예측
37919419	Dong	2023	Nat Methods	method	perturb_seq,single_cell_rna_seq	Causal identification of single-cell experimental perturbation effects with CINEMA-OT	교란과 교란변수를 분리하는 인과적 효과 추정
35058622	Ursu	2022	Nat Biotechnol	method	perturb_seq	Massively parallel phenotyping of coding variants in cancer with Perturb-seq	변이 단위 Perturb-seq로 암 코딩 변이 기능 판정
35290801	Dhainaut	2022	Cell	method	perturb_seq,spatial_transcriptomics	Spatial CRISPR genomics identifies regulators of the tumor microenvironment	Perturb-map: 공간 판독 풀드 CRISPR 스크린
35688146	Replogle	2022	Cell	landmark	perturb_seq	Mapping information-rich genotype-phenotype landscapes with genome-scale Perturb-seq	게놈 규모 Perturb-seq 설계와 분석 기준 제시
36550277	Wessels	2022	Nat Methods	method	perturb_seq	Efficient combinatorial targeting of RNA transcripts in single cells with Cas13 RNA Perturb-seq	Cas13 기반 RNA 표적 Perturb-seq
37214176	Bock	2022	Nat Rev Methods Primers	review	perturb_seq	High-content CRISPR screening	단일세포·이미징 등 고함량 CRISPR 스크린 설계·분석 입문 리뷰
33649592	Frangieh	2021	Nat Genet	method	perturb_seq,single_cell_multiome	Multimodal pooled Perturb-CITE-seq screens in patient models define mechanisms of cancer immune evasion	Perturb-CITE-seq: 교란 스크린에 단백질 판독 추가
33649593	Papalexi	2021	Nat Genet	method	perturb_seq,single_cell_multiome	Characterizing the molecular regulation of inhibitory immune checkpoints with multimodal single-cell screens	ECCITE 스크린과 Mixscape로 교란 실패 세포 분리
34059827	Datlinger	2021	Nat Methods	method	perturb_seq,single_cell_rna_seq	Ultra-high-throughput single-cell RNA sequencing and perturbation screening with combinatorial fluidic indexing	scifi-RNA-seq: 초고처리량 단일세포 교란 스크린
34545248	Przybyla	2021	Nat Rev Genet	review	perturb_seq	A new era in functional genomics screens	단일세포 판독을 포함한 기능유전체 스크린 동향 리뷰
34930414	Barry	2021	Genome Biol	method	perturb_seq	SCEPTRE improves calibration and sensitivity in single-cell CRISPR screen analysis	단일세포 CRISPR 스크린 검정의 보정 문제와 SCEPTRE
31980032	Yang	2020	Genome Biol	method	perturb_seq	scMAGeCK links genotypes with multiple phenotypes in single-cell CRISPR screens	scMAGeCK: 단일세포 스크린 효과 추정
31988385	Gasperini	2020	Nat Rev Genet	review	perturb_seq	Towards a comprehensive catalogue of validated and target-linked human enhancers	단일세포 CRISPR 스크린을 포함한 enhancer 검증 방법 리뷰
32231336	Replogle	2020	Nat Biotechnol	method	perturb_seq	Combinatorial single-cell CRISPR screens by direct guide RNA capture and targeted sequencing	가이드 RNA 직접 포획으로 할당 정확도 향상
32483332	Schraivogel	2020	Nat Methods	method	perturb_seq	Targeted Perturb-seq enables genome-scale genetic screens in single cells	TAP-seq: 표적 전사체만 읽어 스크린 비용 절감
30612741	Gasperini	2019	Cell	landmark	perturb_seq	A Genome-wide Framework for Mapping Gene Regulation via Cellular Genetic Screens	고MOI CRISPRi 단일세포 스크린으로 enhancer-유전자 연결
31363220	Lotfollahi	2019	Nat Methods	method	perturb_seq,single_cell_rna_seq	scGen predicts single-cell perturbation responses	scGen: 단일세포 교란 반응 예측 모델
31395745	Norman	2019	Science	landmark	perturb_seq	Exploring genetic interaction manifolds constructed from rich single-cell phenotypes	조합 Perturb-seq로 유전자 상호작용 지도 작성
29457792	Hill	2018	Nat Methods	review	perturb_seq	On the design of CRISPR-based single-cell molecular screens	단일세포 CRISPR 스크린 설계 시 가이드 할당·스위칭 문제 정리
28099430	Datlinger	2017	Nat Methods	landmark	perturb_seq	Pooled CRISPR screening with single-cell transcriptome readout	CROP-seq: 가이드를 전사체로 읽는 풀드 스크린
28416141	Xie	2017	Mol Cell	method	perturb_seq	Multiplexed Engineering and Analysis of Combinatorial Enhancer Activity in Single Cells	Mosaic-seq: enhancer 조합 교란 단일세포 분석
27984732	Dixit	2016	Cell	landmark	perturb_seq	Perturb-Seq: Dissecting Molecular Circuits with Scalable Single-Cell RNA Profiling of Pooled Genetic Screens	Perturb-seq 원 논문: 풀드 CRISPR와 scRNA-seq 결합 및 MIMOSCA 분석
27984733	Adamson	2016	Cell	landmark	perturb_seq	A Multiplexed Single-Cell CRISPR Screening Platform Enables Systematic Dissection of the Unfolded Protein Response	다중 가이드 Perturb-seq 플랫폼과 UPR 해부
27984734	Jaitin	2016	Cell	landmark	perturb_seq	Dissecting Immune Circuits by Linking CRISPR-Pooled Screens with Single-Cell RNA-Seq	CRISP-seq: 풀드 CRISPR와 scRNA-seq 연결
33885785	Letunic	2021	Nucleic Acids Res	method	phylogenetics	Interactive Tree Of Life (iTOL) v5: an online tool for phylogenetic tree display and annotation.	계통수 시각화·주석 도구 iTOL v5
32011700	Minh	2020	Mol Biol Evol	method	phylogenetics	IQ-TREE 2: New Models and Efficient Methods for Phylogenetic Inference in the Genomic Era.	최대우도 계통수 추론 표준 도구 IQ-TREE 2
32424311	Kapli	2020	Nat Rev Genet	review	phylogenetics	Phylogenetic tree building in the genomic age.	유전체 시대 계통수 구축 방법과 함정을 정리한 리뷰
30165689	Barbera	2019	Syst Biol	method	phylogenetics	EPA-ng: Massively Parallel Evolutionary Placement of Genetic Sequences.	참조 계통수에 새 서열을 배치하는 phylogenetic placement EPA-ng
30958812	Bouckaert	2019	PLoS Comput Biol	method	phylogenetics	BEAST 2.5: An advanced software platform for Bayesian evolutionary analysis.	베이지안 진화 분석 플랫폼 BEAST 2.5
31070718	Kozlov	2019	Bioinformatics	method	phylogenetics	RAxML-NG: a fast, scalable and user-friendly tool for maximum likelihood phylogenetic inference.	확장성 높은 최대우도 계통 추론 RAxML-NG
29077904	Hoang	2018	Mol Biol Evol	method	phylogenetics	UFBoot2: Improving the Ultrafast Bootstrap Approximation.	초고속 bootstrap 근사 UFBoot2로 가지 지지도 평가
29340210	Sagulenko	2018	Virus Evol	method	phylogenetics,viral_genomics	TreeTime: Maximum-likelihood phylodynamic analysis.	최대우도 기반 시간 보정 계통수와 조상 상태 재구성(TreeTime)
29670290	Lemoine	2018	Nature	landmark	phylogenetics	Renewing Felsenstein's phylogenetic bootstrap in the era of big data.	대규모 계통수에 맞춘 transfer bootstrap 지지도 제안
29745866	Zhang	2018	BMC Bioinformatics	method	phylogenetics	ASTRAL-III: polynomial time species tree reconstruction from partially resolved gene trees.	유전자 계통수들로 종 계통수를 추정하는 ASTRAL-III
29942656	Suchard	2018	Virus Evol	method	phylogenetics,viral_genomics	Bayesian phylogenetic and phylodynamic data integration using BEAST 1.10.	베이지안 계통·phylodynamics 분석 플랫폼 BEAST 1.10
28481363	Kalyaanamoorthy	2017	Nat Methods	method	phylogenetics	ModelFinder: fast model selection for accurate phylogenetic estimates.	계통 추론 전 치환 모델 선택 ModelFinder
27121966	Chernomor	2016	Syst Biol	method	phylogenetics	Terrace Aware Data Structure for Phylogenomic Inference from Supermatrices.	partition 모델 phylogenomics에서 terrace 문제를 다루는 방법
27774300	Rambaut	2016	Virus Evol	method	phylogenetics,viral_genomics	Exploring the temporal structure of heterochronous sequences using TempEst (formerly Path-O-Gen).	분자시계 분석 전에 root-to-tip 회귀로 시간 신호를 점검하는 TempEst
24451623	Stamatakis	2014	Bioinformatics	method	phylogenetics	RAxML version 8: a tool for phylogenetic analysis and post-analysis of large phylogenies.	대규모 계통 분석 도구 RAxML 8
25371430	Nguyen	2014	Mol Biol Evol	method	phylogenetics	IQ-TREE: a fast and effective stochastic algorithm for estimating maximum-likelihood phylogenies.	확률적 탐색 기반 최대우도 계통수 추론 IQ-TREE
25414349	Croucher	2014	Nucleic Acids Res	method	phylogenetics	Rapid phylogenetic analysis of large samples of recombinant bacterial whole genome sequences using Gubbins.	세균 전장 유전체 계통 분석에서 재조합 구간을 걸러내는 Gubbins
23329690	Katoh	2013	Mol Biol Evol	method	phylogenetics	MAFFT multiple sequence alignment software version 7: improvements in performance and usability.	다중서열정렬 표준 도구 MAFFT 7
21423652	Philippe	2011	PLoS Biol	review	phylogenetics	Resolving difficult phylogenetic questions: why more sequences are not enough.	서열 수보다 계통 오류(모델 위반·LBA) 통제가 중요함을 보인 리뷰
20224823	Price	2010	PLoS One	method	phylogenetics,viral_genomics	FastTree 2--approximately maximum-likelihood trees for large alignments.	대규모 정렬용 근사 최대우도 계통수 FastTree 2
21034504	Matsen	2010	BMC Bioinformatics	method	phylogenetics	pplacer: linear time maximum-likelihood and Bayesian phylogenetic placement of sequences onto a fixed reference tree.	최대우도·베이지안 phylogenetic placement 도구 pplacer
19505945	Capella-Gutiérrez	2009	Bioinformatics	method	phylogenetics	trimAl: a tool for automated alignment trimming in large-scale phylogenetic analyses.	계통 분석 전 정렬 trimming 자동화 trimAl
15034147	Edgar	2004	Nucleic Acids Res	method	phylogenetics	MUSCLE: multiple sequence alignment with high accuracy and high throughput.	다중서열정렬 도구 MUSCLE
38243904	Jumel	2024	J Proteome Res	benchmark	proteomics,proteomics_dia	Multispecies Benchmark Analysis for LC-MS/MS Validation and Performance Evaluation in Bottom-Up Proteomics.	혼합종 표준으로 LC-MS/MS·데이터 처리 성능을 검증하는 절차
36370099	Deutsch	2023	Nucleic Acids Res	guideline	proteomics,proteomics_dia,metaproteomics	The ProteomeXchange consortium at 10 years: 2023 update.	프로테오믹스 데이터 공개·제출 표준 컨소시엄
37018319	Kohler	2023	J Proteome Res	method	proteomics,proteomics_dia	MSstats Version 4.0: Statistical Analyses of Quantitative Mass Spectrometry-Based Proteomic Experiments with Chromatography-Based Quantification at Scale.	대규모 DDA·DIA 정량 통계를 위한 MSstats 4.0
37225017	Ammar	2023	Mol Cell Proteomics	method	proteomics,proteomics_dia	Accurate Label-Free Quantification by directLFQ to Compare Unlimited Numbers of Proteomes.	대규모 시료용 무표지 단백질 정량 알고리즘 directLFQ
34723319	Perez-Riverol	2022	Nucleic Acids Res	method	proteomics,proteomics_dia	The PRIDE database resources in 2022: a hub for mass spectrometry-based proteomics evidences.	프로테오믹스 원자료 공개 저장소 PRIDE 자원
28691345	Pino	2020	Mass Spectrom Rev	review	proteomics,proteomics_dia	The Skyline ecosystem: Informatics for quantitative mass spectrometry proteomics.	Skyline 기반 정량 프로테오믹스 정보학 생태계 리뷰
32205417	Zhu	2020	Mol Cell Proteomics	method	proteomics	DEqMS: A Method for Accurate Variance Estimation in Differential Protein Expression Analysis.	펩타이드 수 의존 분산 보정 차등 단백질 분석
32669682	da Veiga Leprevost	2020	Nat Methods	method	proteomics	Philosopher: a versatile toolkit for shotgun proteomics data analysis.	FragPipe 후처리(검증·FDR·보고) 도구 모음
32680918	Huang	2020	Mol Cell Proteomics	method	proteomics	MSstatsTMT: Statistical Detection of Differentially Abundant Proteins in Experiments with Isobaric Labeling and Multiple Mixtures.	다중 TMT 혼합 실험의 차등 단백질 검정 통계
31133760	Gessulat	2019	Nat Methods	method	proteomics,proteomics_dia	Prosit: proteome-wide prediction of peptide tandem mass spectra by deep learning.	딥러닝 스펙트럼 예측으로 in silico 라이브러리와 재채점 지원
31599596	Deutsch	2019	J Proteome Res	guideline	proteomics,proteomics_dia	Human Proteome Project Mass Spectrometry Data Interpretation Guidelines 3.0.	HUPO의 MS 동정 결과 해석·FDR 보고 지침
27694351	Välikangas	2018	Brief Bioinform	benchmark	proteomics	A systematic evaluation of normalization methods in quantitative label-free proteomics.	무표지 정량 정규화 방법 체계적 비교
28802010	Bittremieux	2018	Mass Spectrom Rev	review	proteomics,proteomics_dia	Quality control in mass spectrometry-based proteomics.	MS 프로테오믹스 품질 관리 지표와 도구 리뷰
28325852	Plubell	2017	Mol Cell Proteomics	method	proteomics	Extended Multiplexing of Tandem Mass Tags (TMT) Labeling Reveals Age and High Fat Diet Specific Proteome Changes in Mouse Epididymal Adipose Tissue.	다중 TMT 배치 간 IRS 정규화 방법 제시
28394336	Kong	2017	Nat Methods	method	proteomics	MSFragger: ultrafast and comprehensive peptide identification in mass spectrometry-based proteomics.	초고속 open search 엔진 MSFragger 원 논문
28951502	Geyer	2017	Mol Syst Biol	review	proteomics,proteomics_dia	Revisiting biomarker discovery by plasma proteomics.	혈장 프로테오믹스 바이오마커 연구 설계 지침
26906401	Lazar	2016	J Proteome Res	benchmark	proteomics,proteomics_dia	Accounting for the Multiple Natures of Missing Values in Label-Free Quantitative Proteomics Data Sets to Compare Imputation Strategies.	결측 유형(MNAR/MCAR)별 대치 방법 비교
27135364	Geyer	2016	Cell Syst	landmark	proteomics	Plasma Proteome Profiling to Assess Human Health and Disease.	고처리량 혈장 프로테옴 프로파일링 워크플로
27348712	Tyanova	2016	Nat Methods	method	proteomics	The Perseus computational platform for comprehensive analysis of (prote)omics data.	정량 프로테오믹스 후속 통계·필터링·대치 분석 플랫폼
27575624	Röst	2016	Nat Methods	method	proteomics,proteomics_dia,metabolomics	OpenMS: a flexible open-source software platform for mass spectrometry data analysis.	프로테오믹스·대사체 공용 오픈소스 MS 분석 플랫폼
27629641	Aebersold	2016	Nature	review	proteomics,proteomics_dia	Mass-spectrometric exploration of proteome structure and function.	DDA·DIA·표적 분석을 아우르는 MS 프로테오믹스 전략 총설
27701404	Navarro	2016	Nat Biotechnol	benchmark	proteomics,proteomics_dia	A multicenter study benchmarks software tools for label-free proteome quantification.	LFQbench 혼합종 표준으로 DIA 정량 소프트웨어를 다기관 비교
27809316	Tyanova	2016	Nat Protoc	protocol	proteomics	The MaxQuant computational platform for mass spectrometry-based shotgun proteomics.	MaxQuant 분석 설정과 실행 절차를 다룬 Nature Protocols
25855118	Webb-Robertson	2015	J Proteome Res	review	proteomics	Review, evaluation, and discussion of the challenges of missing value imputation for mass spectrometry-based label-free global proteomics.	무표지 프로테오믹스 결측 대치 방법 평가 리뷰
25987413	Savitski	2015	Mol Cell Proteomics	method	proteomics	A Scalable Approach for Protein False Discovery Rate Estimation in Large Proteomic Data Sets.	대규모 데이터에서 단백질 수준 FDR(picked) 추정
24487582	Kulak	2014	Nat Methods	protocol	proteomics,proteomics_dia	Minimal, encapsulated proteomic-sample processing applied to copy-number estimation in eukaryotic cells.	iST 단일 용기 시료 처리와 단백질 copy number 추정
24794931	Choi	2014	Bioinformatics	method	proteomics,proteomics_dia	MSstats: an R package for statistical analysis of quantitative mass spectrometry-based proteomic experiments.	DDA·DIA·SRM 정량 결과의 차등 발현 통계 표준 패키지
24942700	Cox	2014	Mol Cell Proteomics	method	proteomics,proteomics_dia	Accurate proteome-wide label-free quantification by delayed normalization and maximal peptide ratio extraction, termed MaxLFQ.	MaxLFQ 무표지 단백질 정량 알고리즘 (DIA 도구도 차용)
25358341	Hughes	2014	Mol Syst Biol	protocol	proteomics,proteomics_dia	Ultrasensitive proteome analysis using paramagnetic bead technology.	SP3 자성 비드 기반 저투입 시료 전처리법
23438204	Zhang	2013	Chem Rev	review	proteomics	Protein analysis by shotgun/bottom-up proteomics.	shotgun 프로테오믹스 전 과정을 다룬 종합 리뷰
22772140	Bantscheff	2012	Anal Bioanal Chem	review	proteomics	Quantitative mass spectrometry in proteomics: critical review update from 2007 to the present.	정량 프로테오믹스 방법 리뷰 2012 갱신판
23051804	Chambers	2012	Nat Biotechnol	method	proteomics,proteomics_dia,metabolomics	A cross-platform toolkit for mass spectrometry and proteomics.	ProteoWizard msconvert 등 벤더 원자료 변환 도구
23176322	Karpievitch	2012	BMC Bioinformatics	review	proteomics	Normalization and missing value imputation for label-free LC-MS analysis.	무표지 LC-MS 정규화와 결측 대치 방법 리뷰
20716697	Martens	2011	Mol Cell Proteomics	guideline	proteomics,proteomics_dia,metabolomics	mzML--a community standard for mass spectrometry data.	질량분석 원자료 공개 표준 포맷 mzML
21254760	Cox	2011	J Proteome Res	method	proteomics	Andromeda: a peptide search engine integrated into the MaxQuant environment.	MaxQuant 내장 펩타이드 검색 엔진
21593866	Schwanhäusser	2011	Nature	landmark	proteomics	Global quantification of mammalian gene expression control.	iBAQ 절대 정량을 도입한 대규모 단백질·mRNA 정량 연구
21963607	Ting	2011	Nat Methods	method	proteomics	MS3 eliminates ratio distortion in isobaric multiplexed quantitative proteomics.	TMT 비율 압축 문제와 MS3 해결책 제시
20147306	MacLean	2010	Bioinformatics	method	proteomics,proteomics_dia	Skyline: an open source document editor for creating and analyzing targeted proteomics experiments.	Skyline 표적·DIA 크로마토그램 분석 도구
20816881	Nesvizhskii	2010	J Proteomics	review	proteomics	A survey of computational methods and error rate estimation procedures for peptide and protein identification in shotgun proteomics.	펩타이드·단백질 동정 계산법과 오류율 추정 총설
19377485	Wiśniewski	2009	Nat Methods	protocol	proteomics,proteomics_dia	Universal sample preparation method for proteome analysis.	FASP 시료 전처리 표준 프로토콜
19029910	Cox	2008	Nat Biotechnol	method	proteomics	MaxQuant enables high peptide identification rates, individualized p.p.b.-range mass accuracies and proteome-wide protein quantification.	MaxQuant 원 논문, DDA 펩타이드 동정·정량의 표준 도구
17327847	Elias	2007	Nat Methods	landmark	proteomics,proteomics_dia	Target-decoy search strategy for increased confidence in large-scale protein identifications by mass spectrometry.	target-decoy FDR 추정의 표준을 세운 논문
17668192	Bantscheff	2007	Anal Bioanal Chem	review	proteomics	Quantitative mass spectrometry in proteomics: a critical review.	표지·무표지 정량 MS 방법 비판적 리뷰
17687369	Taylor	2007	Nat Biotechnol	guideline	proteomics	The minimum information about a proteomics experiment (MIAPE).	프로테오믹스 실험 최소 보고 정보 표준
17703201	Rappsilber	2007	Nat Protoc	protocol	proteomics,proteomics_dia	Protocol for micro-purification, enrichment, pre-fractionation and storage of peptides for proteomics using StageTips.	StageTip 펩타이드 정제·분획 프로토콜
17952086	Käll	2007	Nat Methods	method	proteomics	Semi-supervised learning for peptide identification from shotgun proteomics datasets.	Percolator, PSM 재채점으로 동정 민감도를 높이는 표준 방법
12634793	Aebersold	2003	Nature	landmark	proteomics	Mass spectrometry-based proteomics.	질량분석 기반 프로테오믹스의 개념과 워크플로를 정립한 기념비적 리뷰
12713048	Thompson	2003	Anal Chem	landmark	proteomics	Tandem mass tags: a novel quantification strategy for comparative analysis of complex protein mixtures by MS/MS.	TMT 등압 표지 정량법을 처음 제안한 논문
14632076	Nesvizhskii	2003	Anal Chem	method	proteomics	A statistical model for identifying proteins by tandem mass spectrometry.	ProteinProphet, 펩타이드에서 단백질 추론과 확률 모델
12118079	Ong	2002	Mol Cell Proteomics	landmark	proteomics	Stable isotope labeling by amino acids in cell culture, SILAC, as a simple and accurate approach to expression proteomics.	SILAC 대사 표지 정량법 원 논문
12403597	Keller	2002	Anal Chem	method	proteomics	Empirical statistical model to estimate the accuracy of peptide identifications made by MS/MS and database search.	PeptideProphet, PSM 정확도 확률 모델
10612281	Perkins	1999	Electrophoresis	landmark	proteomics	Probability-based protein identification by searching sequence databases using mass spectrometry data.	Mascot 확률 기반 단백질 동정
24226387	Eng	1994	J Am Soc Mass Spectrom	landmark	proteomics	An approach to correlate tandem mass spectral data of peptides with amino acid sequences in a protein database.	SEQUEST, 데이터베이스 검색 기반 펩타이드 동정의 시초
38666436	Staes	2024	J Proteome Res	benchmark	proteomics_dia	Benefit of In Silico Predicted Spectral Libraries in Data-Independent Acquisition Data Analysis Workflows.	예측 라이브러리와 library-free 모드의 DIA 12개 워크플로 비교
36609502	Lou	2023	Nat Commun	benchmark	proteomics_dia	Benchmarking commonly used software suites and analysis workflows for DIA proteomics and phosphoproteomics.	DIA-NN·Spectronaut 등 DIA 소프트웨어와 워크플로 비교
37438352	Yu	2023	Nat Commun	method	proteomics_dia	Analysis of DIA proteomics data using MSFragger-DIA and FragPipe computational platform.	MSFragger-DIA로 DIA 스펙트럼을 직접 검색하는 FragPipe 워크플로
35551187	Fröhlich	2022	Nat Commun	benchmark	proteomics_dia	Benchmarking of analysis strategies for data-independent acquisition proteomics using a large-scale dataset comprising inter-patient heterogeneity.	환자 이질성이 있는 대규모 데이터로 DIA 분석 전략 비교
35803928	Demichev	2022	Nat Commun	method	proteomics_dia	dia-PASEF data analysis using FragPipe and DIA-NN for deep proteomics of low sample amounts.	dia-PASEF 데이터를 FragPipe·DIA-NN으로 분석하는 워크플로
35944843	Skowronek	2022	Mol Cell Proteomics	method	proteomics_dia	Rapid and In-Depth Coverage of the (Phospho-)Proteome With Deep Libraries and Optimal Window Design for dia-PASEF.	dia-PASEF 창 설계 최적화와 깊은 라이브러리 활용
33767396	Messner	2021	Nat Biotechnol	method	proteomics_dia	Ultra-fast proteomics with Scanning SWATH.	고처리량 Scanning SWATH 획득과 DIA-NN 분석
34239088	Sinitcyn	2021	Nat Biotechnol	method	proteomics_dia	MaxDIA enables library-based and library-free data-independent acquisition proteomics.	MaxQuant 기반 라이브러리/라이브러리-프리 DIA 분석
34472865	Gotti	2021	J Proteome Res	benchmark	proteomics_dia	Extensive and Accurate Benchmarking of DIA Acquisition Methods and Software Tools Using a Complex Proteomic Standard.	UPS1 표준으로 DIA 획득법과 소프트웨어 36개 조합 비교
31699904	Barkovits	2020	Mol Cell Proteomics	benchmark	proteomics_dia	Reproducibility, Specificity and Accuracy of Relative Quantification Using Spectral Library-based Data-independent Acquisition.	스펙트럼 라이브러리 기반 DIA 상대 정량의 정확도·재현성 평가
31768060	Demichev	2020	Nat Methods	method	proteomics_dia	DIA-NN: neural networks and interference correction enable deep proteome coverage in high throughput.	DIA-NN 원 논문, 신경망 채점과 간섭 보정으로 library-free DIA 분석
32034161	Bekker-Jensen	2020	Nat Commun	method	proteomics_dia	Rapid and site-specific deep phosphoproteome profiling by data-independent acquisition without the need for spectral libraries.	라이브러리 없는 DIA 인산화 프로테옴 분석과 부위 국소화
32214105	Searle	2020	Nat Commun	method	proteomics_dia	Generating high quality libraries for DIA MS with empirically corrected peptide predictions.	예측 라이브러리를 실측 보정해 DIA 라이브러리 품질 향상
32275110	Zhang	2020	Proteomics	review	proteomics_dia	Data-Independent Acquisition Mass Spectrometry-Based Proteomics and Software Tools: A Glimpse in 2020.	2020년 기준 DIA 방법과 소프트웨어 개관
32312845	Pino	2020	Mol Cell Proteomics	method	proteomics_dia	Acquiring and Analyzing Data Independent Acquisition Proteomics Experiments without Spectrum Libraries.	라이브러리 없이 DIA를 획득·분석하는 gas-phase fractionation 전략
33257825	Meier	2020	Nat Methods	method	proteomics_dia	diaPASEF: parallel accumulation-serial fragmentation combined with data-independent acquisition.	timsTOF 이온 이동도 결합 diaPASEF 획득법
30104418	Ludwig	2018	Mol Syst Biol	review	proteomics_dia	Data-independent acquisition-based SWATH-MS for quantitative proteomics: a tutorial.	DIA/SWATH 실험 설계부터 데이터 분석까지 튜토리얼 리뷰
30510204	Searle	2018	Nat Commun	method	proteomics_dia	Chromatogram libraries improve peptide detection and quantification by data independent acquisition mass spectrometry.	EncyclopeDIA 크로마토그램 라이브러리 기반 DIA 분석
28825704	Rosenberger	2017	Nat Methods	method	proteomics_dia	Statistical control of peptide and protein error rates in large-scale targeted data-independent acquisition analyses.	대규모 DIA에서 펩타이드·단백질 수준 FDR 제어 방법
28827567	Collins	2017	Nat Commun	benchmark	proteomics_dia	Multi-laboratory assessment of reproducibility, qualitative and quantitative performance of SWATH-mass spectrometry.	11개 실험실 SWATH-MS 재현성 평가
29070702	Bruderer	2017	Mol Cell Proteomics	benchmark	proteomics_dia	Optimization of Experimental Parameters in Data-Independent Mass Spectrometry Significantly Increases Depth and Reproducibility of Results.	DIA 창 설계와 획득 파라미터 최적화 평가
27479329	Röst	2016	Nat Methods	method	proteomics_dia	TRIC: an automated alignment strategy for reproducible protein quantification in targeted proteomics.	다중 실행 간 DIA 피크 정렬로 정량 재현성 개선
25430050	Bilbao	2015	Proteomics	review	proteomics_dia	Processing strategies and software solutions for data-independent acquisition in mass spectrometry.	DIA 데이터 처리 전략과 소프트웨어 분류 리뷰
25599550	Tsou	2015	Nat Methods	method	proteomics_dia	DIA-Umpire: comprehensive computational framework for data-independent acquisition proteomics.	DIA에서 의사 MS/MS를 만들어 라이브러리 없이 동정하는 프레임워크
25675208	Schubert	2015	Nat Protoc	protocol	proteomics_dia	Building high-quality assay libraries for targeted analysis of SWATH MS data.	SWATH 분석용 고품질 스펙트럼 라이브러리 구축 프로토콜
25724911	Bruderer	2015	Mol Cell Proteomics	method	proteomics_dia	Extending the limits of quantitative proteome profiling with data-independent acquisition and application to acetaminophen-treated three-dimensional liver microtissues.	Spectronaut HRM DIA 워크플로와 정량 성능 제시
25730263	Guo	2015	Nat Med	landmark	proteomics_dia	Rapid mass spectrometric conversion of tissue biopsy samples into permanent quantitative digital proteome maps.	PCT-SWATH로 조직 생검을 디지털 프로테옴 지도로 전환
26381204	Teo	2015	J Proteomics	method	proteomics_dia	mapDIA: Preprocessing and statistical analysis of quantitative proteomics data from data independent acquisition mass spectrometry.	DIA 정량 데이터 전처리와 차등 분석 통계 도구
26550773	Wang	2015	Nat Methods	method	proteomics_dia	MSPLIT-DIA: sensitive peptide identification for data-independent acquisition.	스펙트럼 분할 매칭으로 DIA 펩타이드 동정
24727770	Röst	2014	Nat Biotechnol	method	proteomics_dia	OpenSWATH enables automated, targeted analysis of data-independent acquisition MS data.	OpenSWATH 자동화 DIA 표적 추출 파이프라인
25977788	Rosenberger	2014	Sci Data	method	proteomics_dia	A repository of assays to quantify 10,000 human proteins by SWATH-MS.	인간 단백질 1만 개 SWATH 분석 라이브러리 자원
22261725	Gillet	2012	Mol Cell Proteomics	landmark	proteomics_dia	Targeted data extraction of the MS/MS spectra generated by data-independent acquisition: a new concept for consistent and accurate proteome analysis.	SWATH-MS와 표적 추출 개념을 정립한 DIA 기념비 논문
21423193	Reiter	2011	Nat Methods	method	proteomics_dia	mProphet: automated data processing and statistical validation for large-scale SRM experiments.	decoy 기반 피크군 채점, DIA FDR 통계의 기반
15782151	Venable	2004	Nat Methods	landmark	proteomics_dia	Automated approach for quantitative analysis of complex peptide mixtures from tandem mass spectra.	넓은 창 단편화로 DIA 개념을 처음 제시
36928819	Greene	2023	Nat Med	method	rare_disease_genomics,gwas	Genetic association analysis of 77,539 genomes reveals rare disease etiologies.	77,539 게놈 희귀변이 연관 분석으로 희귀질환 원인 규명
35220969	Marwaha	2022	Genome Med	review	rare_disease_genomics	A guide for the diagnosis of rare and undiagnosed disease: beyond the exome.	엑솜 이후 미진단 희귀질환 진단 전략 가이드
35395838	Austin-Tse	2022	NPJ Genom Med	guideline	rare_disease_genomics,germline_wgs_wes	Best practices for the interpretation and reporting of clinical whole genome sequencing.	임상 WGS 해석·보고 모범 사례 합의
35705716	Jacobsen	2022	Nat Biotechnol	guideline	rare_disease_genomics	The GA4GH Phenopacket schema defines a computable representation of clinical data.	GA4GH Phenopacket 표현형·임상 데이터 교환 표준
36413997	Pejaver	2022	Am J Hum Genet	guideline	rare_disease_genomics	Calibration of computational tools for missense variant pathogenicity classification and ClinGen recommendations for PP3/BP4 criteria.	ClinGen PP3/BP4 계산 예측 도구 보정 권고
33264411	Köhler	2021	Nucleic Acids Res	method	rare_disease_genomics	The Human Phenotype Ontology in 2021.	HPO 2021, 표현형 기반 분석의 표준 온톨로지
34012068	Miller	2021	Genet Med	guideline	rare_disease_genomics,germline_wgs_wes	ACMG SF v3.0 list for reporting of secondary findings in clinical exome and genome sequencing: a policy statement of the American College of Medical Genetics and Genomics (ACMG).	ACMG SF v3.0 이차 발견 보고 유전자 목록
34211152	Manickam	2021	Genet Med	guideline	rare_disease_genomics	Exome and genome sequencing for pediatric patients with congenital anomalies or intellectual disability: an evidence-based clinical guideline of the American College of Medical Genetics and Genomics (ACMG).	선천기형·지적장애에 엑솜/게놈 1차 검사를 권고한 ACMG 지침
34758253	Smedley	2021	N Engl J Med	landmark	rare_disease_genomics	100,000 Genomes Pilot on Rare-Disease Diagnosis in Health Care - Preliminary Report.	100,000 Genomes 희귀질환 진단 파일럿 결과
32340307	Cipriani	2020	Genes (Basel)	benchmark	rare_disease_genomics	An Improved Phenotype-Driven Tool for Rare Mendelian Variant Prioritization: Benchmarking Exomiser on Real Patient Whole-Exome Data.	실제 환자 엑솜으로 Exomiser 우선순위화 성능 평가
32581362	Turro	2020	Nature	landmark	rare_disease_genomics	Whole-genome sequencing of patients with rare diseases in a national health system.	국가 보건 체계 내 희귀질환 WGS(NIHR BioResource)
32755546	Robinson	2020	Am J Hum Genet	method	rare_disease_genomics	Interpretable Clinical Genomics with a Likelihood Ratio Paradigm.	LIRICAL: HPO 우도비 기반 진단 후보 순위화
33057194	Kaplanis	2020	Nature	landmark	rare_disease_genomics	Evidence for 28 genetic disorders discovered by combining healthcare and research data.	임상·연구 데이터 통합 de novo 분석으로 28개 질환 발견
30661751	Jaganathan	2019	Cell	method	rare_disease_genomics,germline_wgs_wes	Predicting Splicing from Primary Sequence with Deep Learning.	SpliceAI 딥러닝 스플라이싱 영향 예측
31564432	Kingsmore	2019	Am J Hum Genet	benchmark	rare_disease_genomics	A Randomized, Controlled Trial of the Analytic and Diagnostic Performance of Singleton and Trio, Rapid Genome and Exome Sequencing in Ill Infants.	신생아 중환자 단독·trio 신속 WGS/WES 무작위 비교
31690835	Riggs	2019	Genet Med	guideline	rare_disease_genomics,structural_variant_calling	Technical standards for the interpretation and reporting of constitutional copy-number variants: a joint consensus recommendation of the American College of Medical Genetics and Genomics (ACMG) and the Clinical Genome Resource (ClinGen).	ACMG/ClinGen 체질성 CNV 해석·보고 기술 표준
31892348	Brnich	2019	Genome Med	guideline	rare_disease_genomics	Recommendations for application of the functional evidence PS3/BS3 criterion using the ACMG/AMP sequence variant interpretation framework.	ClinGen PS3/BS3 기능 근거 적용 권고
29165669	Landrum	2018	Nucleic Acids Res	method	rare_disease_genomics,germline_wgs_wes	ClinVar: improving access to variant interpretations and supporting evidence.	ClinVar 변이 해석 공유 데이터베이스
29300386	Tavtigian	2018	Genet Med	method	rare_disease_genomics	Modeling the ACMG/AMP variant classification guidelines as a Bayesian classification framework.	ACMG/AMP 기준의 베이지안 분류 모형화
29398702	Wright	2018	Nat Rev Genet	review	rare_disease_genomics	Paediatric genomics: diagnosing rare disease in children.	소아 희귀질환 유전체 진단 리뷰
30002876	Clark	2018	NPJ Genom Med	review	rare_disease_genomics	Meta-analysis of the diagnostic and clinical utility of genome and exome sequencing and chromosomal microarray in children with suspected genetic diseases.	WGS/WES/CMA 진단 유용성 메타분석
30192042	Abou Tayoun	2018	Hum Mutat	guideline	rare_disease_genomics	Recommendations for interpreting the loss of function PVS1 ACMG/AMP variant criterion.	ClinGen PVS1 기능상실 기준 적용 권고
30304647	Splinter	2018	N Engl J Med	landmark	rare_disease_genomics	Effect of Genetic Diagnosis on Patients with Previously Undiagnosed Disease.	미진단질환네트워크(UDN) 진단 결과
30526634	Sanchis-Juan	2018	Genome Med	method	rare_disease_genomics,structural_variant_calling	Complex structural variants in Mendelian disorders: identification and breakpoint resolution using short- and long-read genome sequencing.	단·장 읽기로 멘델 질환 복합 SV 검출과 절단점 해석
28135719	Deciphering Developmental Disorders Study	2017	Nature	landmark	rare_disease_genomics	Prevalence and architecture of de novo mutations in developmental disorders.	발달장애 de novo 변이의 빈도와 구조(DDD)
28771251	Lionel	2017	Genet Med	landmark	rare_disease_genomics	Improved diagnostic yield compared with targeted gene sequencing panels suggests a role for whole-genome sequencing as a first-tier genetic test.	WGS 1차 검사의 진단율 우위 근거
27441994	Wenger	2016	Genet Med	method	rare_disease_genomics	Systematic reanalysis of clinical exome data yields additional diagnoses: implications for providers.	임상 엑솜 체계적 재분석의 추가 진단 효과
28567303	Stavropoulos	2016	NPJ Genom Med	landmark	rare_disease_genomics	Whole Genome Sequencing Expands Diagnostic Utility and Improves Clinical Management in Pediatric Medicine.	소아 WGS 진단 유용성·임상 관리 영향
25741868	Richards	2015	Genet Med	guideline	rare_disease_genomics,germline_wgs_wes	Standards and guidelines for the interpretation of sequence variants: a joint consensus recommendation of the American College of Medical Genetics and Genomics and the Association for Molecular Pathology.	ACMG/AMP 서열 변이 병원성 해석 표준
26562621	Smedley	2015	Nat Protoc	protocol	rare_disease_genomics	Next-generation diagnostics and disease-gene discovery with the Exomiser.	Exomiser 표현형 기반 변이 우선순위화 프로토콜
26633542	Retterer	2015	Genet Med	landmark	rare_disease_genomics	Clinical application of whole-exome sequencing across clinical indications.	적응증별 임상 엑솜 진단율과 trio 효과
25326637	Lee	2014	JAMA	landmark	rare_disease_genomics	Clinical exome sequencing for genetic identification of rare Mendelian disorders.	임상 엑솜의 진단율과 trio 분석 이점 보고
25529582	Wright	2014	Lancet	landmark	rare_disease_genomics	Genetic diagnosis of developmental disorders in the DDD study: a scalable analysis of genome-wide research data.	DDD 연구의 확장 가능한 유전체 진단 분석
24088041	Yang	2013	N Engl J Med	landmark	rare_disease_genomics	Clinical whole-exome sequencing for the diagnosis of mendelian disorders.	임상 엑솜으로 멘델 질환 진단을 처음 대규모 보고
22942019	Plagnol	2012	Bioinformatics	method	rare_disease_genomics,germline_wgs_wes,structural_variant_calling	A robust model for read count data in exome sequencing experiments and implications for copy number variant calling.	ExomeDepth: 엑솜 리드 카운트 기반 CNV 콜
23040492	Fromer	2012	Am J Hum Genet	method	rare_disease_genomics,germline_wgs_wes,structural_variant_calling	Discovery and statistical genotyping of copy-number variation from whole-exome sequencing depth.	XHMM: 엑솜 심도 기반 CNV 발견·유전형
41083898	Liu	2025	Nat Methods	benchmark	single_cell_multiome,multi_omics_integration	Multitask benchmarking of single-cell multimodal omics integration methods	단일세포 멀티모달 통합 방법을 여러 과제로 비교한 벤치마크
36755098	Kamimoto	2023	Nature	method	single_cell_multiome,perturb_seq	Dissecting cell identity via network inference and in silico gene perturbation	CellOracle: 멀티옴 기반 GRN과 in silico 교란 시뮬레이션
36864178	Vandereyken	2023	Nat Rev Genet	review	single_cell_multiome,spatial_multiomics,spatial_transcriptomics,spatial_epigenomics,multi_omics_integration	Methods and applications for single-cell and spatial multi-omics	단일세포·공간 멀티오믹스 기술과 분석법 리뷰
36973557	Persad	2023	Nat Biotechnol	method	single_cell_multiome,single_cell_rna_seq,atac_seq	SEACells infers transcriptional and epigenomic cellular states from single-cell genomics data	희소한 RNA·ATAC 데이터를 metacell로 묶어 상태 추론
37231261	Hao	2023	Nat Biotechnol	method	single_cell_multiome,single_cell_rna_seq	Dictionary learning for integrative, multimodal and scalable single-cell analysis	Seurat v5 bridge integration으로 모달리티 간 매핑
37280296	Baysoy	2023	Nat Rev Mol Cell Biol	review	single_cell_multiome	The technological landscape and applications of single-cell multi-omics	단일세포 멀티오믹스 측정 기술 전반과 응용 리뷰
37365273	Badia-I-Mompel	2023	Nat Rev Genet	review	single_cell_multiome,single_cell_rna_seq	Gene regulatory network inference in the era of single-cell multi-omics	단일세포 멀티옴 기반 GRN 추론 방법 리뷰
37386189	Ashuach	2023	Nat Methods	method	single_cell_multiome,atac_seq	MultiVI: deep generative model for the integration of multimodal data	MultiVI: 짝/비짝 RNA·ATAC 데이터를 결합하는 생성 모델
37443338	Bravo González-Blas	2023	Nat Methods	method	single_cell_multiome,atac_seq	SCENIC+: single-cell multiomic inference of enhancers and gene regulatory networks	RNA+ATAC 멀티옴에서 enhancer-GRN을 추론하는 방법
37537502	De Rop	2023	Nat Biotechnol	benchmark	single_cell_multiome,atac_seq	Systematic benchmarking of single-cell ATAC-sequencing protocols	10x 멀티옴 포함 scATAC 프로토콜 8종 벤치마크
35440536	Mulè	2022	Nat Commun	method	single_cell_multiome	Normalizing and denoising protein expression data from droplet-based single cell profiling	dsb: CITE-seq 항체 신호 정규화·배경 제거
35501393	Cao	2022	Nat Biotechnol	method	single_cell_multiome,multi_omics_integration	Multi-omics single-cell data integration and regulatory inference with graph-linked embedding	GLUE: 짝지어지지 않은 모달리티를 그래프로 통합하고 조절 추론
36204155	Kartha	2022	Cell Genom	method	single_cell_multiome,atac_seq	Functional inference of gene regulation using single-cell multi-omics	FigR: RNA+ATAC로 peak-gene 연결과 TF 조절 추론
33589839	Gayoso	2021	Nat Methods	method	single_cell_multiome	Joint probabilistic modeling of single-cell multi-omic data with totalVI	totalVI: CITE-seq RNA·단백질 결합 확률 모델
33633365	Granja	2021	Nat Genet	method	single_cell_multiome,atac_seq,spatial_epigenomics	ArchR is a scalable software package for integrative single-cell chromatin accessibility analysis	ArchR: 대규모 scATAC 분석과 RNA 연계 통합
33941931	Argelaguet	2021	Nat Biotechnol	review	single_cell_multiome,single_cell_rna_seq,multi_omics_integration	Computational principles and challenges in single-cell data integration	단일세포 다중오믹스 통합의 계산 원리와 유형 분류 리뷰
34083792	Mimitou	2021	Nat Biotechnol	landmark	single_cell_multiome,atac_seq	Scalable, multimodal profiling of chromatin accessibility, gene expression and protein levels in single cells	DOGMA-seq/ASAP-seq: ATAC·RNA·단백질 삼중 측정
34725479	Stuart	2021	Nat Methods	method	single_cell_multiome,atac_seq,spatial_epigenomics	Single-cell chromatin state analysis with Signac	Signac: scATAC과 RNA+ATAC 멀티옴 분석 도구
32393329	Argelaguet	2020	Genome Biol	method	single_cell_multiome,multi_omics_integration	MOFA+: a statistical framework for comprehensive integration of multi-modal single-cell data	MOFA+: 다중 모달 단일세포 데이터의 요인 분석 통합
33098772	Ma	2020	Cell	landmark	single_cell_multiome,atac_seq	Chromatin Potential Identified by Shared Single-Cell Profiling of RNA and Chromatin	SHARE-seq: 같은 세포의 RNA·크로마틴 동시 측정과 chromatin potential 개념
31011186	Mimitou	2019	Nat Methods	landmark	single_cell_multiome,perturb_seq,immune_repertoire_sequencing	Multiplexed detection of proteins, transcriptomes, clonotypes and CRISPR perturbations in single cells	ECCITE-seq: 단백질·전사체·클론형·가이드RNA 동시 검출
31611697	Chen	2019	Nat Biotechnol	landmark	single_cell_multiome,atac_seq	High-throughput sequencing of the transcriptome and chromatin accessibility in the same cell	SNARE-seq: 같은 세포의 전사체·접근성 동시 측정
31695190	Zhu	2019	Nat Struct Mol Biol	landmark	single_cell_multiome,atac_seq	An ultra high-throughput method for single-cell joint analysis of open chromatin and transcriptome	Paired-seq: 초고처리량 RNA·ATAC 결합 분석
31739806	Chen	2019	Genome Biol	benchmark	single_cell_multiome,atac_seq	Assessment of computational methods for the analysis of single-cell ATAC-seq data	scATAC 특징 추출·클러스터링 방법 10종 벤치마크
30078726	Pliner	2018	Mol Cell	method	single_cell_multiome,atac_seq	Cicero Predicts cis-Regulatory DNA Interactions from Single-Cell Chromatin Accessibility Data	단일세포 접근성 공변으로 cis 조절 연결 예측
30166440	Cao	2018	Science	landmark	single_cell_multiome,atac_seq	Joint profiling of chromatin accessibility and gene expression in thousands of single cells	sci-CAR: RNA·ATAC 결합 프로파일링의 초기 방법
28759029	Stoeckius	2017	Nat Methods	landmark	single_cell_multiome	Simultaneous epitope and transcriptome measurement in single cells	CITE-seq: 표면 단백질과 전사체를 같은 세포에서 측정
28825706	Schep	2017	Nat Methods	method	single_cell_multiome,atac_seq	chromVAR: inferring transcription-factor-associated accessibility from single-cell epigenomic data	단일세포 TF 모티프 접근성 편차 추정
28854175	Peterson	2017	Nat Biotechnol	landmark	single_cell_multiome	Multiplexed quantification of proteins and transcripts in single cells	REAP-seq: 단백질·전사체 동시 정량
40775377	Vanderaa	2025	Genome Biol	method	single_cell_proteomics	scplainer: using linear models to understand mass spectrometry-based single-cell proteomics data	선형모델 기반 배치 보정·차등 분석 프레임워크
38907155	Grégoire	2024	Methods Mol Biol	protocol	single_cell_proteomics	Standardized Workflow for Mass-Spectrometry-Based Single-Cell Proteomics Data Processing and Analysis Using the scp Package	scp 패키지로 단일세포 MS 데이터 표준 처리 절차
36633424	Vanderaa	2023	Curr Protoc	protocol	single_cell_proteomics	The Current State of Single-Cell Proteomics Data Analysis	단일세포 MS 데이터 처리 단계와 도구를 정리한 가이드
36864196	Bennett	2023	Nat Methods	review	single_cell_proteomics,single_cell_multiome	Single-cell proteomics enabled by next-generation sequencing or mass spectrometry	시퀀싱·MS 기반 단일세포 단백질 측정 기술 비교 리뷰
36864200	Gatto	2023	Nat Methods	guideline	single_cell_proteomics,proteomics	Initial recommendations for performing, benchmarking and reporting single-cell proteomics experiments	단일세포 MS 프로테오믹스 실험·벤치마크·보고 커뮤니티 권고
37530557	Vanderaa	2023	J Proteome Res	benchmark	single_cell_proteomics	Revisiting the Thorny Issue of Missing Values in Single-Cell Proteomics	단일세포 단백체 결측값의 원인과 처리 방식 평가
35013269	Gebreyesus	2022	Nat Commun	method	single_cell_proteomics,proteomics_dia	Streamlined single-cell proteomics by an integrated microfluidic chip and data-independent acquisition mass spectrometry	미세유체 칩과 DIA를 결합한 단일세포 워크플로
35226415	Brunner	2022	Mol Syst Biol	method	single_cell_proteomics,proteomics_dia	Ultra-high sensitivity mass spectrometry quantifies single-cell proteome changes upon perturbation	true single-cell 무표지 DIA 프로테오믹스(T-SCP)
35590073	Mund	2022	Nat Biotechnol	method	single_cell_proteomics,spatial_proteomics,proteomics	Deep Visual Proteomics defines single-cell identity and heterogeneity	이미징과 레이저 미세절제를 결합한 세포 단위 공간 단백체
35835881	Derks	2022	Nat Biotechnol	method	single_cell_proteomics,proteomics_dia	Increasing the throughput of sensitive proteomics by plexDIA	plexDIA: 다중화 DIA로 단일세포 처리량 확대
36527135	Leduc	2022	Genome Biol	method	single_cell_proteomics	Exploring functional protein covariation across single cells using nPOP	nPOP 시료 준비와 단백질 공변 분석
33504367	Specht	2021	Genome Biol	method	single_cell_proteomics	Single-cell proteomic and transcriptomic analysis of macrophage heterogeneity using SCoPE2	SCoPE2 확장 워크플로와 단일세포 단백체 분석
34099695	Schoof	2021	Nat Commun	method	single_cell_proteomics	Quantitative single-cell proteomics as a tool to characterize cellular hierarchies	TMT 기반 단일세포 단백체로 세포 계층 규명과 분석 파이프라인
34602016	Vanderaa	2021	Expert Rev Proteomics	benchmark	single_cell_proteomics	Replication of single-cell proteomics data reveals important computational challenges	공개 SCP 데이터 재분석으로 계산 단계의 재현성 문제 제시
34716329	Woo	2021	Nat Commun	method	single_cell_proteomics	High-throughput and high-efficiency sample preparation for single-cell proteomics using a nested nanowell chip	nested nanowell 칩 기반 고처리량 시료 준비
34716448	Petelski	2021	Nat Protoc	protocol	single_cell_proteomics	Multiplexed single-cell proteomics using SCoPE2	SCoPE2 단계별 실험·데이터 분석 프로토콜
32001644	Slavov	2020	Science	review	single_cell_proteomics	Unpicking the proteome in single cells	단일세포 MS 프로테오믹스의 원리와 과제 해설
32847821	Kelly	2020	Mol Cell Proteomics	review	single_cell_proteomics	Single-cell Proteomics: Progress and Prospects	단일세포 프로테오믹스 시료처리·분리·MS 기술 리뷰
33288958	Cheung	2020	Nat Methods	benchmark	single_cell_proteomics	Defining the carrier proteome limit for single-cell proteomics	carrier 채널 양이 정량 정확도에 주는 한계 평가
31098416	Weber	2019	Commun Biol	method	single_cell_proteomics	diffcyt: Differential discovery in high-dimensional cytometry via high-resolution clustering	고해상 클러스터링 기반 차등 풍부도·상태 검정
29491378	Zhu	2018	Nat Commun	method	single_cell_proteomics	Nanodroplet processing platform for deep and quantitative proteome profiling of 10-100 mammalian cells	nanoPOTS: 극미량 시료 처리 플랫폼
30343672	Budnik	2018	Genome Biol	landmark	single_cell_proteomics	SCoPE-MS: mass spectrometry of single mammalian cells quantifies proteome heterogeneity during cell differentiation	carrier 채널 기반 단일세포 MS 정량의 시작
28663787	Nowicka	2017	F1000Res	protocol	single_cell_proteomics	CyTOF workflow: differential discovery in high-throughput high-dimensional cytometry datasets	CyTOF 데이터 차등 분석 단계별 워크플로
27153492	Spitzer	2016	Cell	review	single_cell_proteomics	Mass Cytometry: Single Cells, Many Features	질량 세포분석 원리·설계·분석 리뷰
27320317	Saeys	2016	Nat Rev Immunol	review	single_cell_proteomics	Computational flow cytometry: helping to make sense of high-dimensional immunology data	고차원 사이토메트리 계산 분석 방법 리뷰
27992111	Weber	2016	Cytometry A	benchmark	single_cell_proteomics	Comparison of clustering methods for high-dimensional single-cell flow and mass cytometry data	고차원 사이토메트리 클러스터링 방법 비교
25573116	Van Gassen	2015	Cytometry A	method	single_cell_proteomics	FlowSOM: Using self-organizing maps for visualization and interpretation of cytometry data	FlowSOM 자기조직화지도 기반 세포군 분할
26095251	Levine	2015	Cell	method	single_cell_proteomics	Data-Driven Phenotypic Dissection of AML Reveals Progenitor-like Cells that Correlate with Prognosis	PhenoGraph 그래프 클러스터링 제시
23512433	Finck	2013	Cytometry A	method	single_cell_proteomics	Normalization of mass cytometry data with bead standards	비드 표준을 이용한 CyTOF 신호 정규화
21551058	Bendall	2011	Science	landmark	single_cell_proteomics	Single-cell mass cytometry of differential immune and drug responses across a human hematopoietic continuum	질량 세포분석(CyTOF)으로 단일세포 단백질 다중 정량 확립
38409223	Cui	2024	Nat Methods	method	single_cell_rna_seq,single_cell_multiome,perturb_seq	scGPT: toward building a foundation model for single-cell multi-omics using generative AI	단일세포 파운데이션 모델로 주석·통합·교란 예측 수행
37002403	Heumos	2023	Nat Rev Genet	review	single_cell_rna_seq,single_cell_multiome,atac_seq,spatial_transcriptomics,immune_repertoire_sequencing	Best practices for single-cell analysis across modalities	RNA·ATAC·표면 단백질·면역 수용체·공간 데이터까지 단일세포 분석 모범 절차를 모은 리뷰
37037999	Ahlmann-Eltze	2023	Nat Methods	benchmark	single_cell_rna_seq	Comparison of transformations for single-cell RNA-seq data	scRNA-seq 변환·정규화 방식 비교, 단순 log 변환의 타당성 확인
37258680	Theodoris	2023	Nature	method	single_cell_rna_seq,perturb_seq	Transfer learning enables predictions in network biology	Geneformer: 사전학습 모델로 in silico 유전자 교란 예측
37550580	Fleming	2023	Nat Methods	method	single_cell_rna_seq,single_cell_multiome	Unsupervised removal of systematic background noise from droplet-based single-cell experiments using CellBender	CellBender: 드롭렛 배경 잡음·빈 드롭렛 제거
34062119	Hao	2021	Cell	method	single_cell_rna_seq,single_cell_multiome	Integrated analysis of multimodal single-cell data	Seurat v4 WNN으로 RNA와 표면 단백질을 함께 분석하는 방법
34584091	Squair	2021	Nat Commun	benchmark	single_cell_rna_seq	Confronting false discoveries in single-cell differential expression	세포 단위 DE의 위양성을 보이고 pseudobulk 검정을 권고
34949812	Luecken	2021	Nat Methods	benchmark	single_cell_rna_seq,single_cell_multiome,atac_seq	Benchmarking atlas-level data integration in single-cell genomics	scRNA·scATAC 배치 통합 방법을 아틀라스 규모에서 비교한 벤치마크(scIB)
31948481	Tran	2020	Genome Biol	benchmark	single_cell_rna_seq	A benchmark of batch-effect correction methods for single-cell RNA sequencing data	scRNA-seq 배치 보정 도구 14종 비교와 권장 도구 제시
32033589	Lähnemann	2020	Genome Biol	review	single_cell_rna_seq,single_cell_multiome	Eleven grand challenges in single-cell data science	단일세포 데이터 과학의 미해결 과제와 분석상 주의점 정리
32518403	Mereu	2020	Nat Biotechnol	benchmark	single_cell_rna_seq	Benchmarking single-cell RNA-sequencing protocols for cell atlas projects	아틀라스용 scRNA-seq 프로토콜 13종 벤치마크
32747759	Bergen	2020	Nat Biotechnol	method	single_cell_rna_seq	Generalizing RNA velocity to transient cell states through dynamical modeling	scVelo 동적 모델 RNA velocity 추정
32873325	Germain	2020	Genome Biol	benchmark	single_cell_rna_seq	pipeComp, a general framework for the evaluation of computational pipelines, reveals performant single cell RNA-seq preprocessing tools	필터링·정규화·클러스터링 전처리 조합을 체계적으로 평가
33257685	Crowell	2020	Nat Commun	method	single_cell_rna_seq	muscat detects subpopulation-specific state transitions from multi-sample multi-condition single-cell transcriptomics data	다표본 조건 비교에서 pseudobulk DS 분석 프레임워크와 비교 평가
33338399	Xi	2020	Cell Syst	benchmark	single_cell_rna_seq	Benchmarking Computational Doublet-Detection Methods for Single-Cell RNA Sequencing Data	이중세포(doublet) 검출 방법 9종 벤치마크
33367645	Young	2020	Gigascience	method	single_cell_rna_seq	SoupX removes ambient RNA contamination from droplet-based single-cell RNA sequencing data	드롭렛 scRNA-seq의 ambient RNA 오염 제거 방법
30617341	Kiselev	2019	Nat Rev Genet	review	single_cell_rna_seq	Challenges in unsupervised clustering of single-cell RNA-seq data	scRNA-seq 클러스터링의 쟁점과 방법 선택 리뷰
30696980	Stuart	2019	Nat Rev Genet	review	single_cell_rna_seq,single_cell_multiome,multi_omics_integration	Integrative single-cell analysis	단일세포 다중 데이터·모달리티 통합 전략 리뷰
30936559	Saelens	2019	Nat Biotechnol	benchmark	single_cell_rna_seq	A comparison of single-cell trajectory inference methods	궤적 추론 방법 45종 비교와 선택 지침(dynverse)
30954475	McGinnis	2019	Cell Syst	method	single_cell_rna_seq	DoubletFinder: Doublet Detection in Single-Cell RNA Sequencing Data Using Artificial Nearest Neighbors	인공 이웃 기반 doublet 검출 도구
31178118	Stuart	2019	Cell	method	single_cell_rna_seq,single_cell_multiome	Comprehensive Integration of Single-Cell Data	Seurat v3 anchor 기반 데이터셋·모달리티 통합
31178122	Welch	2019	Cell	method	single_cell_rna_seq,single_cell_multiome,dna_methylation	Single-Cell Multi-omic Integration Compares and Contrasts Features of Brain Cell Identity	LIGER: iNMF로 RNA와 메틸화 등 단일세포 데이터 통합
31217225	Luecken	2019	Mol Syst Biol	review	single_cell_rna_seq	Current best practices in single-cell RNA-seq analysis: a tutorial	scRNA-seq 전처리부터 하위 분석까지 단계별 권장 절차를 정리한 튜토리얼
31500660	Abdelaal	2019	Genome Biol	benchmark	single_cell_rna_seq	A comparison of automatic cell identification methods for single-cell RNA sequencing data	자동 세포유형 주석 도구 22종 벤치마크
31740819	Korsunsky	2019	Nat Methods	method	single_cell_rna_seq,single_cell_multiome	Fast, sensitive and accurate integration of single-cell data with Harmony	Harmony 배치 통합 방법
31792435	Amezquita	2019	Nat Methods	protocol	single_cell_rna_seq	Orchestrating single-cell analysis with Bioconductor	Bioconductor 기반 scRNA-seq 분석 워크플로 전체를 정리
31870423	Hafemeister	2019	Genome Biol	method	single_cell_rna_seq	Normalization and variance stabilization of single-cell RNA-seq data using regularized negative binomial regression	sctransform 정규화·분산 안정화 방법
29409532	Wolf	2018	Genome Biol	method	single_cell_rna_seq	SCANPY: large-scale single-cell gene expression data analysis	대규모 scRNA-seq 분석의 표준 Python 도구
29481549	Soneson	2018	Nat Methods	benchmark	single_cell_rna_seq	Bias, robustness and scalability in single-cell differential expression analysis	단일세포 차등발현 방법 36종의 편향·재현성 비교
29608179	Butler	2018	Nat Biotechnol	method	single_cell_rna_seq	Integrating single-cell transcriptomic data across different conditions, technologies, and species	CCA 기반 조건·기술·종 간 scRNA-seq 통합(Seurat v2)
30504886	Lopez	2018	Nat Methods	method	single_cell_rna_seq	Deep generative modeling for single-cell transcriptomics	scVI: 배치 보정·정규화·DE를 묶은 심층 생성 모델
28091601	Zheng	2017	Nat Commun	landmark	single_cell_rna_seq	Massively parallel digital transcriptional profiling of single cells	10x Chromium 드롭렛 scRNA-seq 플랫폼과 Cell Ranger 분석을 정립
28212749	Ziegenhain	2017	Mol Cell	benchmark	single_cell_rna_seq	Comparative Analysis of Single-Cell RNA Sequencing Methods	scRNA-seq 프로토콜 6종의 민감도·정확도·비용 비교
28991892	Aibar	2017	Nat Methods	method	single_cell_rna_seq	SCENIC: single-cell regulatory network inference and clustering	scRNA-seq에서 전사인자 regulon을 추론하는 표준 방법
26887813	Ilicic	2016	Genome Biol	method	single_cell_rna_seq	Classification of low quality cells from single-cell RNA-seq data	저품질 세포를 판별하는 QC 기준과 분류기
27122128	Lun	2016	Genome Biol	method	single_cell_rna_seq	Pooling across cells to normalize single-cell RNA sequencing data with many zero counts	scran 세포 풀링 기반 size factor 정규화
35101336	Horak	2022	Genet Med	guideline	somatic_wgs_wes	Standards for the classification of pathogenicity of somatic variants in cancer (oncogenicity): Joint recommendations of Clinical Genome Resource (ClinGen), Cancer Genomics Consortium (CGC), and Variant Interpretation for Cancer Consortium (VICC).	ClinGen/CGC/VICC 체세포 변이 발암성 분류 표준
36388765	Islam	2022	Cell Genom	method	somatic_wgs_wes	Uncovering novel mutational signatures byextraction with SigProfilerExtractor.	SigProfilerExtractor: 돌연변이 시그니처 추출 표준 도구
34504346	Xiao	2021	Nat Biotechnol	benchmark	somatic_wgs_wes	Toward best practice in cancer mutation detection with whole-genome and whole-exome sequencing.	SEQC2: WGS/WES 암 변이 검출 모범 사례 도출
34504347	Fang	2021	Nat Biotechnol	benchmark	somatic_wgs_wes	Establishing community reference samples, data and call sets for benchmarking cancer mutation detection using whole-genome sequencing.	SEQC2 체세포 변이 기준 샘플·콜셋 구축
34880424	Cortés-Ciriano	2021	Nat Rev Genet	review	somatic_wgs_wes,structural_variant_calling	Computational analysis of cancer genome sequencing data.	암 게놈 시퀀싱 데이터 계산 분석 리뷰(SNV·CNA·SV·시그니처)
32025007	ICGC/TCGA Pan-Cancer Analysis of Whole Genomes Consortium	2020	Nature	landmark	somatic_wgs_wes,structural_variant_calling	Pan-cancer analysis of whole genomes.	PCAWG 2,658 암 전장 게놈 통합 분석
32025012	Li	2020	Nature	landmark	somatic_wgs_wes,structural_variant_calling	Patterns of somatic structural variation in human cancer genomes.	PCAWG 체세포 구조변이 패턴 분석
32025018	Alexandrov	2020	Nature	landmark	somatic_wgs_wes	The repertoire of mutational signatures in human cancer.	PCAWG 돌연변이 시그니처 레퍼토리(COSMIC v3)
30371878	Tate	2019	Nucleic Acids Res	method	somatic_wgs_wes	COSMIC: the Catalogue Of Somatic Mutations In Cancer.	COSMIC 체세포 돌연변이 카탈로그
30833567	Sahraeian	2019	Nat Commun	method	somatic_wgs_wes	Deep convolutional neural networks for accurate somatic mutation detection.	NeuSomatic: CNN 기반 체세포 변이 검출
29596782	Ellrott	2018	Cell Syst	benchmark	somatic_wgs_wes	Scalable Open Science Approach for Mutation Calling of Tumor Exomes Using Multiple Genomic Pipelines.	TCGA MC3: 다중 콜러 합의로 엑솜 체세포 변이 콜셋 구축
29625053	Bailey	2018	Cell	landmark	somatic_wgs_wes	Comprehensive Characterization of Cancer Driver Genes and Mutations.	TCGA 드라이버 유전자·변이 종합 규명
30341162	Mayakonda	2018	Genome Res	method	somatic_wgs_wes	Maftools: efficient and comprehensive analysis of somatic variants in cancer.	maftools: MAF 기반 체세포 변이 요약·시각화
27993330	Li	2017	J Mol Diagn	guideline	somatic_wgs_wes	Standards and Guidelines for the Interpretation and Reporting of Sequence Variants in Cancer: A Joint Consensus Recommendation of the Association for Molecular Pathology, American Society of Clinical Oncology, and College of American Pathologists.	AMP/ASCO/CAP 암 변이 해석·보고 등급 표준
28890946	Chakravarty	2017	JCO Precis Oncol	method	somatic_wgs_wes	OncoKB: A Precision Oncology Knowledge Base.	OncoKB 정밀종양학 지식베이스, 임상 실행가능성 주석
26899170	Rosenthal	2016	Genome Biol	method	somatic_wgs_wes	DeconstructSigs: delineating mutational processes in single tumors distinguishes DNA repair deficiencies and patterns of carcinoma evolution.	deconstructSigs: 단일 종양 시그니처 기여도 추정
27002637	Krøigård	2016	PLoS One	benchmark	somatic_wgs_wes	Evaluation of Nine Somatic Variant Callers for Detection of Somatic Mutations in Exome and Targeted Deep Sequencing Data.	엑솜·타깃 시퀀싱 체세포 콜러 9종 비교
27060149	Lai	2016	Nucleic Acids Res	method	somatic_wgs_wes	VarDict: a novel and versatile variant caller for next-generation sequencing in cancer research.	VarDict: 저빈도 체세포 변이까지 다루는 콜러
27100738	Talevich	2016	PLoS Comput Biol	method	somatic_wgs_wes,germline_wgs_wes	CNVkit: Genome-Wide Copy Number Detection and Visualization from Targeted DNA Sequencing.	CNVkit: 타깃·엑솜 시퀀싱 복제수 검출
27270079	Shen	2016	Nucleic Acids Res	method	somatic_wgs_wes	FACETS: allele-specific copy number and clonal heterogeneity analysis tool for high-throughput DNA sequencing.	FACETS: 대립유전자 특이 복제수·클론 이질성 분석
27557938	Fan	2016	Genome Biol	method	somatic_wgs_wes	MuSE: accounting for tumor heterogeneity using a sample-specific error model improves sensitivity and specificity in mutation calling from sequencing data.	MuSE: 샘플별 오류 모형으로 종양 이질성 반영
27874022	Cai	2016	Sci Rep	benchmark	somatic_wgs_wes	In-depth comparison of somatic point mutation callers based on different tumor next-generation sequencing depth data.	시퀀싱 심도별 체세포 점돌연변이 콜러 비교
25984700	Ewing	2015	Nat Methods	benchmark	somatic_wgs_wes	Combining tumor genome simulation with crowdsourcing to benchmark somatic single-nucleotide-variant detection.	ICGC-TCGA DREAM 체세포 SNV 검출 크라우드소싱 벤치마크
26647970	Alioto	2015	Nat Commun	benchmark	somatic_wgs_wes	A comprehensive assessment of somatic mutation detection in cancer using whole-genome sequencing.	ICGC 체세포 변이 검출 파이프라인 종합 평가
23396013	Cibulskis	2013	Nat Biotechnol	method	somatic_wgs_wes	Sensitive detection of somatic point mutations in impure and heterogeneous cancer samples.	MuTect: 순도·이질성 고려 체세포 점돌연변이 검출
23770567	Lawrence	2013	Nature	method	somatic_wgs_wes	Mutational heterogeneity in cancer and the search for new cancer-associated genes.	MutSigCV: 돌연변이율 이질성을 보정한 드라이버 유전자 탐지
23945592	Alexandrov	2013	Nature	landmark	somatic_wgs_wes	Signatures of mutational processes in human cancer.	암 돌연변이 시그니처 개념을 정립한 논문
22300766	Koboldt	2012	Genome Res	method	somatic_wgs_wes	VarScan 2: somatic mutation and copy number alteration discovery in cancer by exome sequencing.	VarScan 2: 엑솜 체세포 변이·CNA 검출
22581179	Saunders	2012	Bioinformatics	method	somatic_wgs_wes	Strelka: accurate somatic small-variant calling from sequenced tumor-normal sample pairs.	Strelka: 종양-정상 쌍 체세포 소변이 콜
23066108	Wilm	2012	Nucleic Acids Res	method	somatic_wgs_wes,viral_genomics	LoFreq: a sequence-quality aware, ultra-sensitive variant caller for uncovering cell-population heterogeneity from high-throughput sequencing datasets.	LoFreq: 품질 기반 초저빈도 변이 검출
21527027	Mermel	2011	Genome Biol	method	somatic_wgs_wes	GISTIC2.0 facilitates sensitive and confident localization of the targets of focal somatic copy-number alteration in human cancers.	GISTIC2.0: 반복 체세포 CNA 표적 탐지
22155872	Larson	2011	Bioinformatics	method	somatic_wgs_wes	SomaticSniper: identification of somatic point mutations in whole genome sequencing data.	SomaticSniper: WGS 체세포 점돌연변이 검출
20837533	Van Loo	2010	Proc Natl Acad Sci U S A	method	somatic_wgs_wes	Allele-specific copy number analysis of tumors.	ASCAT: 대립유전자 특이 복제수·순도·배수성 추정
41026875	Liu	2026	Genomics Proteomics Bioinformatics	method	spatial_epigenomics,hi_c	Histo-LCM-Hi-C Reveals 3D Chromatin Conformations of Spatially Localized Rare Cells in Tissues at High Resolution.	조직 위치 희소 세포 3D 염색질 Hi-C
42243114	Debnath	2026	Nat Commun	method	spatial_epigenomics,spatial_multiomics,spatial_transcriptomics	Inference of spatial chromatin accessibility via integration of spatial transcriptomics and single-cell multi-omics data.	공간 전사체와 단일세포 멀티옴 통합으로 공간 염색질 접근성 추정
42251185	Ma	2026	Commun Biol	method	spatial_epigenomics	SpaDC enables sequence-based integrative analysis and regulatory inference of spatial chromatin accessibility data.	서열 기반 공간 염색질 접근성 통합 분석 SpaDC
42487511	Crespo-García	2026	Mol Oncol	review	spatial_epigenomics	Spatial biology in cancer epigenetics.	암 후성유전학의 공간 생물학 리뷰
42680843	Wang	2026	Nat Methods	method	spatial_epigenomics,spatial_multiomics,hi_c	Spatial chromatin architecture and accessibility co-profiling of mammalian tissues.	공간 염색질 구조·접근성 동시 프로파일링
42791404	Chen	2026	Nat Methods	method	spatial_epigenomics,hi_c	Spatially resolved chromatin architectures in mammalian brain tissues.	포유류 뇌 조직 공간 염색질 구조 측정
39870864	Guo	2025	Nat Methods	method	spatial_epigenomics,spatial_multiomics,spatial_proteomics	Multiplexed spatial mapping of chromatin features, transcriptome and proteins in tissues.	염색질 특징·전사체·단백질 다중 공간 측정
39893190	Liu	2025	Nat Commun	method	spatial_epigenomics	INSTINCT: Multi-sample integration of spatial chromatin accessibility sequencing data via stochastic domain translation.	다중 시료 공간 ATAC 통합 INSTINCT
40119005	Li	2025	Nat Protoc	protocol	spatial_epigenomics,spatial_multiomics	Spatially resolved genome-wide joint profiling of epigenome and transcriptome with spatial-ATAC-RNA-seq and spatial-CUT&Tag-RNA-seq.	공간 ATAC-RNA·CUT&Tag-RNA 프로토콜
40205045	Takei	2025	Nature	landmark	spatial_epigenomics,spatial_multiomics	Spatial multi-omics reveals cell-type-specific nuclear compartments.	공간 멀티오믹스로 세포유형 특이 핵 컴파트먼트 규명
40595535	Guo	2025	Nat Commun	method	spatial_epigenomics	Spatial profiling of chromatin accessibility in formalin-fixed paraffin-embedded tissues.	FFPE 조직 공간 염색질 접근성 프로파일링
40662813	Ouologuem	2025	Bioinformatics	benchmark	spatial_epigenomics,spatial_transcriptomics	Spatial transcriptomics deconvolution methods generalize well to spatial chromatin accessibility data.	공간 전사체 디컨볼루션의 공간 ATAC 적용 벤치마크
40903587	Lee	2025	Nature	method	spatial_epigenomics,spatial_multiomics,dna_methylation	Spatial joint profiling of DNA methylome and transcriptome in tissues.	공간 DNA 메틸화·전사체 동시 프로파일링
38508188	Liu	2024	Cell Rep Methods	method	spatial_epigenomics	Epigenomic tomography for probing spatially defined chromatin state in the brain.	뇌 공간 염색질 상태 후성유전 단층촬영
38943021	Farzad	2024	Nat Protoc	protocol	spatial_epigenomics	Spatially resolved epigenome sequencing via Tn5 transposition and deterministic DNA barcoding in tissue.	Tn5·결정적 바코딩 공간 후성유전체 프로토콜
39736655	Chen	2024	Genome Biol	method	spatial_epigenomics	Descart: a method for detecting spatial chromatin accessibility patterns with inter-cellular correlations.	공간 염색질 접근성 패턴 검출 Descart
36593410	Jia	2023	Nat Biotechnol	method	spatial_epigenomics,hi_c	A spatial genome aligner for resolving chromatin architectures from multiplexed DNA FISH.	다중 DNA FISH 염색질 구조 정렬 도구
36604544	Llorens-Bobadilla	2023	Nat Biotechnol	method	spatial_epigenomics	Solid-phase capture and profiling of open chromatin by spatial ATAC.	고체상 캡처 공간 ATAC
36922587	Zhang	2023	Nature	method	spatial_epigenomics,spatial_multiomics,spatial_transcriptomics	Spatial epigenome-transcriptome co-profiling of mammalian tissues.	공간 ATAC-RNA·CUT&Tag-RNA 동시 프로파일링
37231265	Jiang	2023	Nat Methods	method	spatial_epigenomics,spatial_multiomics,spatial_transcriptomics	Simultaneous profiling of spatial gene expression and chromatin accessibility during mouse brain development.	공간 유전자 발현·염색질 접근성 동시 측정 MISAR-seq
38093010	Russell	2023	Nature	method	spatial_epigenomics,spatial_multiomics,spatial_transcriptomics,single_cell_multiome	Slide-tags enables single-nucleus barcoding for multimodal spatial genomics.	단일핵 바코드에 공간 좌표를 붙이는 Slide-tags
35143307	Deng	2022	Science	method	spatial_epigenomics,cut_and_run	Spatial-CUT&Tag: Spatially resolved chromatin modification profiling at the cellular level.	공간 CUT&Tag 히스톤 표지 프로파일링
35978191	Deng	2022	Nature	method	spatial_epigenomics	Spatial profiling of chromatin accessibility in mouse and human tissues.	조직 공간 ATAC-seq 원조 방법
36272405	Lu	2022	Cell	method	spatial_epigenomics	Spatially resolved epigenomic profiling of single cells in complex tissues.	영상 기반 단일세포 공간 후성유전체 프로파일링
33505024	Takei	2021	Nature	method	spatial_epigenomics,spatial_multiomics,hi_c	Integrated spatial genomics reveals global architecture of single nuclei.	DNA seqFISH+와 염색질 표지 통합 공간 유전체
33627658	Thornton	2021	Nat Commun	method	spatial_epigenomics	Spatially mapped single-cell chromatin accessibility.	조직 위치 단일세포 ATAC(sciMAP-ATAC)
32822575	Su	2020	Cell	method	spatial_epigenomics,spatial_multiomics,hi_c	Genome-Scale Imaging of the 3D Organization and Transcriptional Activity of Chromatin.	게놈 규모 염색질 3D 구조와 전사 동시 영상
33384301	Payne	2020	Science	method	spatial_epigenomics,hi_c	In situ genome sequencing resolves DNA sequence and structure in intact biological samples.	조직 내 게놈 서열·구조 동시 분석(IGS)
30886393	Mateo	2019	Nature	method	spatial_epigenomics,hi_c	Visualizing DNA folding and RNA in embryos at single-cell resolution.	ORCA 염색질 구조 영상
30361340	Bintu	2018	Science	method	spatial_epigenomics,hi_c	Super-resolution chromatin tracing reveals domains and cooperative interactions in single cells.	단일 염색체 구조 영상 추적(chromatin tracing)
27445307	Wang	2016	Science	landmark	spatial_epigenomics,hi_c	Spatial organization of chromatin domains and compartments in single chromosomes.	단일 염색체 도메인·컴파트먼트 영상 원조 연구
42538468	Causer	2026	Nat Methods	method	spatial_metabolomics,spatial_transcriptomics,spatial_multiomics	SpaMTP: integrative statistical analysis and visualization of spatial metabolomics and transcriptomics data.	공간 대사체·전사체 통합 통계 분석 SpaMTP
39870624	Spangenberg	2025	Nat Commun	method	spatial_metabolomics,spatial_multiomics	msiFlow: automated workflows for reproducible and scalable multimodal mass spectrometry imaging and microscopy data analysis.	다중 모드 MSI·현미경 재현 가능 워크플로 msiFlow
40263584	Zhang	2025	Nat Methods	method	spatial_metabolomics	TEMI: tissue-expansion mass-spectrometry imaging.	조직 팽창 MSI(TEMI)
41068470	Sharma	2025	Nat Rev Nephrol	review	spatial_metabolomics,spatial_multiomics	Spatial metabolomics and multiomics integration for breakthroughs in precision medicine for kidney disease.	공간 대사체와 멀티오믹스 통합 리뷰
41093848	Potthoff	2025	Nat Commun	method	spatial_metabolomics	Spatial biology using single-cell mass spectrometry imaging and integrated microscopy.	단일세포 MSI와 현미경 통합 공간 생물학
39017393	Zhan	2024	J Mass Spectrom	review	spatial_metabolomics,spatial_multiomics	Multi-modal mass spectrometry imaging of a single tissue section.	단일 절편 다중 모드 MSI 리뷰
39210066	Nunes	2024	Nat Methods	method	spatial_metabolomics,spatial_proteomics,spatial_multiomics	Integration of mass cytometry and mass spectrometry imaging for spatially resolved single-cell metabolic profiling.	질량 세포분석과 MSI를 통합한 단일세포 대사 프로파일
39438443	Wadie	2024	Nat Commun	method	spatial_metabolomics	METASPACE-ML: Context-specific metabolite annotation for imaging mass spectrometry using machine learning.	머신러닝 맥락 특이적 MSI 대사체 주석 METASPACE-ML
36899158	Zhang	2023	Nat Methods	review	spatial_metabolomics	Mass spectrometry imaging: the rise of spatially resolved single-cell omics.	단일세포 공간 오믹스로서 MSI 리뷰
37208361	Schwaiger-Haber	2023	Nat Commun	method	spatial_metabolomics,metabolomics	Using mass spectrometry imaging to map fluxes quantitatively in the tumor ecosystem.	동위원소 추적 MSI로 종양 대사 흐름 정량
37269305	Liu	2023	Anal Bioanal Chem	review	spatial_metabolomics	Recent advances in mass spectrometry imaging of single cells.	단일세포 MSI 최신 발전 리뷰
37674095	Bourceau	2023	Nat Protoc	protocol	spatial_metabolomics	Visualization of metabolites and microbes at high spatial resolution using MALDI mass spectrometry imaging and in situ fluorescence labeling.	MALDI MSI와 형광 영상으로 대사체·미생물 동시 시각화 프로토콜
37679554	Alexandrov	2023	Nat Metab	review	spatial_metabolomics	Spatial metabolomics: from a niche field towards a driver of innovation.	공간 대사체 분야 현황과 과제 리뷰
37996752	Bemis	2023	Nat Methods	method	spatial_metabolomics	Cardinal v.3: a versatile open-source software for mass spectrometry imaging analysis.	Cardinal v3 MSI 분석 툴킷
38086839	Hu	2023	Nat Commun	method	spatial_metabolomics,spatial_proteomics,spatial_multiomics	Single-cell spatial metabolomics with cell-type specific protein profiling for tissue systems biology.	세포유형 단백질과 결합한 단일세포 공간 대사체
36065601	Ma	2022	Mass Spectrom Rev	review	spatial_metabolomics	Advances in mass spectrometry imaging for spatial cancer metabolomics.	암 공간 대사체용 MSI 발전 리뷰
36253139	Hu	2022	Adv Sci (Weinh)	review	spatial_metabolomics	Emerging Computational Methods in Mass Spectrometry Imaging.	MSI 신규 계산 방법 리뷰
33433028	Harkin	2021	Mass Spectrom Rev	review	spatial_metabolomics	On-tissue chemical derivatization in mass spectrometry imaging.	MSI 조직 내 화학 유도체화 리뷰
34226721	Rappez	2021	Nat Methods	method	spatial_metabolomics	SpaceM reveals metabolic states of single cells.	단일세포 공간 대사체 SpaceM
34545087	Abdelmoula	2021	Nat Commun	method	spatial_metabolomics	Peak learning of mass spectrometry imaging data using artificial neural networks.	신경망 기반 MSI 피크 학습 msiPL
32015496	Geier	2020	Nat Microbiol	method	spatial_metabolomics	Spatial metabolomics of in situ host-microbe interactions at the micrometre scale.	마이크로미터 규모 숙주-미생물 공간 대사체
32049317	Ovchinnikova	2020	Bioinformatics	method	spatial_metabolomics	ColocML: machine learning quantifies co-localization between mass spectrometry images.	MSI 이온 영상 공동 국재 정량 ColocML
31451764	Niehaus	2019	Nat Methods	method	spatial_metabolomics	Transmission-mode MALDI-2 mass spectrometry imaging of cells and tissues at subcellular resolution.	투과형 MALDI-2 후이온화로 아세포 해상도 지질 영상을 구현한 방법
31602691	Verbeeck	2019	Mass Spectrom Rev	review	spatial_metabolomics	Unsupervised machine learning for exploratory data analysis in imaging mass spectrometry.	MSI 비지도 학습 탐색 분석 리뷰
29131162	Passarelli	2017	Nat Methods	method	spatial_metabolomics	The 3D OrbiSIMS-label-free metabolic imaging with subcellular lateral resolution and high mass-resolving power.	3D OrbiSIMS 고해상도 대사체 영상
29155564	Buchberger	2017	Anal Chem	review	spatial_metabolomics	Mass Spectrometry Imaging: A Review of Emerging Advancements and Future Insights.	질량분석 영상 기술 발전 종합 리뷰
27558772	Race	2016	Anal Chem	method	spatial_metabolomics	SpectralAnalysis: Software for the Masses.	MSI 데이터 분석 소프트웨어 SpectralAnalysis
27842059	Palmer	2016	Nat Methods	method	spatial_metabolomics	FDR-controlled metabolite annotation for high-resolution imaging mass spectrometry.	MSI 대사체 FDR 통제 주석(METASPACE)
27842060	Kompauer	2016	Nat Methods	method	spatial_metabolomics	Atmospheric pressure MALDI mass spectrometry imaging of tissues and cells at 1.4-μm lateral resolution.	1.4 μm 해상도 AP-MALDI 조직 영상
27862147	Ràfols	2016	Mass Spectrom Rev	review	spatial_metabolomics	Signal preprocessing, multivariate analysis and software tools for MA(LDI)-TOF mass spectrometry imaging for biological applications.	MALDI MSI 전처리·다변량 분석·소프트웨어 리뷰
25432304	McDonnell	2015	Anal Bioanal Chem	guideline	spatial_metabolomics	Discussion point: reporting guidelines for mass spectrometry imaging.	MSI 보고 지침 제안
25777525	Bemis	2015	Bioinformatics	method	spatial_metabolomics	Cardinal: an R package for statistical analysis of mass spectrometry-based imaging experiments.	MSI 통계 분석 R 패키지 Cardinal
22148759	Fonville	2012	Anal Chem	method	spatial_metabolomics	Robust data processing and normalization strategy for MALDI mass spectrometric imaging.	MALDI MSI 데이터 처리·정규화 전략
22554910	Goodwin	2012	J Proteomics	review	spatial_metabolomics	Sample preparation for mass spectrometry imaging: small mistakes can lead to big consequences.	MSI 시료 준비 오류와 주의점 리뷰
22842151	Schramm	2012	J Proteomics	guideline	spatial_metabolomics	imzML--a common data format for the flexible exchange and processing of mass spectrometry imaging data.	MSI 데이터 표준 형식 imzML
23176142	Alexandrov	2012	BMC Bioinformatics	review	spatial_metabolomics	MALDI imaging mass spectrometry: statistical data analysis and current computational challenges.	MALDI 영상 통계 분석과 계산 과제 리뷰
21479971	Deininger	2011	Anal Bioanal Chem	method	spatial_metabolomics,spatial_proteomics	Normalization in MALDI-TOF imaging datasets of proteins: practical considerations.	MALDI 영상 정규화 실무 고려 사항
17471576	McDonnell	2007	Mass Spectrom Rev	review	spatial_metabolomics	Imaging mass spectrometry.	질량분석 영상(IMS) 기초 원리 리뷰
15486296	Takáts	2004	Science	landmark	spatial_metabolomics	Mass spectrometry sampling under ambient conditions with desorption electrospray ionization.	DESI 이온화 원조 논문
9406525	Caprioli	1997	Anal Chem	landmark	spatial_metabolomics,spatial_proteomics	Molecular imaging of biological samples: localization of peptides and proteins using MALDI-TOF MS.	MALDI-TOF 조직 분자 영상 원조 논문
41540123	Enninful	2026	Nat Methods	method	spatial_multiomics,spatial_transcriptomics,spatial_proteomics	Integration of imaging-based and sequencing-based spatial omics mapping on the same tissue section via DBiTplus.	영상·서열 기반 공간 오믹스 같은 절편 통합 DBiTplus
41896691	Dai	2026	Nat Methods	method	spatial_multiomics	3d-OT: a deep geometry-aware framework for heterogeneous slices alignment of spatial multi-omics.	이질적 공간 멀티오믹스 절편 정렬 3d-OT
41991905	Li	2026	Nat Commun	method	spatial_multiomics	SpatialCOC: an integrative framework for spatial continuous mapping and cross-omics correction in spatial multi-omics data.	공간 멀티오믹스 연속 매핑·교차 오믹스 보정 SpatialCOC
42386773	Liu	2026	Nat Commun	method	spatial_multiomics	Interpretable spatial multi-omics data integration and dimensionality reduction with SpaMV.	해석 가능한 공간 멀티오믹스 통합 SpaMV
39815104	Coleman	2025	Nat Methods	method	spatial_multiomics	Resolving tissue complexity by multimodal spatial omics modeling with MISO.	다중 모드 공간 오믹스 모델링 MISO
40263585	Reynolds	2025	Nat Methods	review	spatial_multiomics,spatial_transcriptomics	Temporal and spatial omics technologies for 4D profiling.	시공간 4D 오믹스 기술 리뷰
41136370	Miao	2025	Nat Commun	method	spatial_multiomics,spatial_epigenomics	MultiGATE: integrative analysis and regulatory inference in spatial multi-omics data via graph representation learning.	공간 멀티오믹스 통합·조절 추론 MultiGATE
41162770	Li	2025	Nat Comput Sci	method	spatial_multiomics	Integrative deep learning of spatial multi-omics with SWITCH.	공간 멀티오믹스 딥러닝 통합 SWITCH
41407925	Liu	2025	Nat Methods	method	spatial_multiomics,spatial_proteomics,spatial_transcriptomics	High-parameter spatial multi-omics through histology-anchored integration.	조직학 기준 고차원 공간 멀티오믹스 통합
38907114	Long	2024	Nat Methods	method	spatial_multiomics	Deciphering spatial domains from spatial multi-omics with SpatialGlue.	공간 멀티오믹스 통합 딥러닝 SpatialGlue
39122938	Coleman	2024	Nat Methods	review	spatial_multiomics,spatial_transcriptomics,spatial_proteomics	Unlocking the power of spatial omics with AI.	공간 오믹스 AI 분석 리뷰
36593397	Ben-Chetrit	2023	Nat Biotechnol	method	spatial_multiomics,spatial_transcriptomics,spatial_proteomics	Integration of whole transcriptome spatial profiling with protein markers.	공간 전사체·단백질 동시 측정 SPOTS
36732642	Zeng	2023	Nat Neurosci	method	spatial_multiomics,spatial_transcriptomics,spatial_proteomics	Integrative in situ mapping of single-cell transcriptional states and tissue histopathology in a mouse model of Alzheimer's disease.	인시투 전사체와 조직병리 단백질 동시 측정
36823353	Liu	2023	Nat Biotechnol	method	spatial_multiomics,spatial_transcriptomics,spatial_proteomics	High-plex protein and whole transcriptome co-mapping at cellular resolution with spatial CITE-seq.	공간 CITE-seq 전사체·단백질 동시 측정
37667091	Vicari	2023	Nat Biotechnol	method	spatial_multiomics,spatial_metabolomics,spatial_transcriptomics	Spatial multimodal analysis of transcriptomes and metabolomes in tissues.	같은 절편 공간 전사체·대사체 동시 분석
35027765	Velten	2022	Nat Methods	method	spatial_multiomics,multi_omics_integration	Identifying temporal and spatial patterns of variation from multimodal data using MEFISTO.	시공간 멀티오믹스 인자분석 MEFISTO
35145087	Vickovic	2022	Nat Commun	method	spatial_multiomics,spatial_transcriptomics,spatial_proteomics	SM-Omics is an automated platform for high-throughput spatial multi-omics.	공간 RNA·단백질 동시 측정 SM-Omics
36203011	He	2022	Nat Biotechnol	method	spatial_multiomics,spatial_transcriptomics,spatial_proteomics	High-plex imaging of RNA and proteins at subcellular resolution in fixed tissue by spatial molecular imaging.	아세포 해상도 RNA·단백질 고다중 영상(CosMx)
33188776	Liu	2020	Cell	method	spatial_multiomics,spatial_transcriptomics,spatial_proteomics	High-Spatial-Resolution Multi-Omics Sequencing via Deterministic Barcoding in Tissue.	결정적 바코딩 공간 RNA·단백질 동시 측정 DBiT-seq
41721135	Weiss	2026	Nat Metab	method	spatial_proteomics,single_cell_proteomics	Single-cell spatial proteomics maps human liver zonation patterns and their vulnerability to disruption in tissue architecture.	단일세포 공간 단백체로 간 구역화 지도 작성
40258827	Huynh	2025	Nat Commun	method	spatial_proteomics,spatial_multiomics	Deconvolution of cell types and states in spatial multiomics utilizing TACIT.	공간 멀티오믹스 세포유형 디컨볼루션 TACIT
38167832	Shaban	2024	Nat Commun	method	spatial_proteomics	MAPS: pathologist-level cell type annotation from tissue images through machine learning.	다중 영상 세포 표현형 딥러닝 분류
38907150	Thielert	2024	Methods Mol Biol	protocol	spatial_proteomics,proteomics_dia	Spatial Proteomics of Single Hepatocytes with Multiplexed Data-Independent Acquisition (mDIA).	단일 간세포 공간 단백체 mDIA 프로토콜
37188662	Feng	2023	Nat Commun	method	spatial_proteomics	Spatial analysis with SPIAT and spaSim to characterize and simulate tissue microenvironments.	공간 면역 프로파일 분석 R 패키지 SPIAT
37463931	Amitay	2023	Nat Commun	method	spatial_proteomics	CellSighter: a neural network to classify cells in highly multiplexed images.	다중 영상 세포 분류 딥러닝 CellSighter
37528072	Liu	2023	Nat Commun	method	spatial_proteomics	Robust phenotyping of highly multiplexed tissue imaging data using pixel-level clustering.	픽셀 군집 기반 다중 영상 표현형 분류 Pixie
37783884	Rosenberger	2023	Nat Methods	method	spatial_proteomics,proteomics_dia,single_cell_proteomics	Spatial single-cell mass spectrometry defines zonation of the hepatocyte proteome.	공간 단일세포 MS로 간세포 구역화 단백체 측정
37816904	Windhager	2023	Nat Protoc	protocol	spatial_proteomics	An end-to-end workflow for multiplexed image processing and analysis.	다중 영상 처리·분석 전 과정 프로토콜(steinbock·imcRtools)
35277708	Schapiro	2022	Nat Methods	guideline	spatial_proteomics	MITI minimum information guidelines for highly multiplexed tissue images.	다중 조직 영상 최소 정보 보고 지침(MITI)
35437329	Danenberg	2022	Nat Genet	landmark	spatial_proteomics	Breast tumor microenvironment structures are associated with genomic features and clinical outcome.	IMC 유방암 코호트 공간 표현형 분석
35714588	Mund	2022	Mol Cell	review	spatial_proteomics,proteomics,single_cell_proteomics	Unbiased spatial proteomics with single-cell resolution in tissues.	조직 단일세포 해상도 MS 공간 단백체 리뷰
35972352	Muhlich	2022	Bioinformatics	method	spatial_proteomics	Stitching and registering highly multiplexed whole-slide images of tissues and tumors using ASHLAR.	다중 순환 영상 타일 정합·스티칭 ASHLAR
36280720	Brbić	2022	Nat Methods	method	spatial_proteomics	Annotation of spatially resolved single-cell data with STELLAR.	공간 단일세포 데이터 세포유형 주석 STELLAR
33631930	Yagnik	2021	J Am Soc Mass Spectrom	method	spatial_proteomics	Highly Multiplexed Immunohistochemical MALDI-MS Imaging of Biomarkers in Tissues.	광절단 표지 항체 MALDI-IHC 다중 단백질 영상
34215862	Black	2021	Nat Protoc	protocol	spatial_proteomics	CODEX multiplexed tissue imaging with DNA-conjugated antibodies.	CODEX 다중 조직 영상 실험·분석 프로토콜
34536381	Geuenich	2021	Cell Syst	method	spatial_proteomics	Automated assignment of cell identity from single-cell multiplexed imaging and proteomic data.	사전 마커 지식 기반 세포유형 배정 Astir
34795433	Greenwald	2021	Nat Biotechnol	method	spatial_proteomics,spatial_transcriptomics	Whole-cell segmentation of tissue images with human-level performance using large-scale data annotation and deep learning.	조직 영상 세포 분할 딥러닝 모델 Mesmer
34811556	Hickey	2021	Nat Methods	review	spatial_proteomics	Spatial mapping of protein composition and tissue organization: a primer for multiplexed antibody-based imaging.	항체 기반 다중 조직 영상 입문 가이드
34824477	Schapiro	2021	Nat Methods	method	spatial_proteomics	MCMICRO: a scalable, modular image-processing pipeline for multiplexed tissue imaging.	다중 조직 영상 처리 표준 파이프라인 MCMICRO
35121992	Kuett	2021	Nat Cancer	method	spatial_proteomics	Three-dimensional imaging mass cytometry for highly multiplexed molecular and cellular mapping of tissues and the tumor microenvironment.	3차원 IMC 조직 영상
31911630	Piehowski	2020	Nat Commun	method	spatial_proteomics,proteomics	Automated mass spectrometry imaging of over 2000 proteins from tissue sections at 100-μm spatial resolution.	조직 절편 격자 단위 자동 LC-MS 공간 단백체
31959985	Jackson	2020	Nature	landmark	spatial_proteomics	The single-cell pathology landscape of breast cancer.	IMC 유방암 단일세포 병리 지도 대표 연구
32301585	Tan	2020	Cancer Commun (Lond)	review	spatial_proteomics	Overview of multiplex immunohistochemistry/immunofluorescence techniques in the era of cancer immunotherapy.	다중 IHC/IF 기법 비교 리뷰
32320656	Stoltzfus	2020	Cell Rep	method	spatial_proteomics	CytoMAP: A Spatial Analysis Toolbox Reveals Features of Myeloid Cell Organization in Lymphoid Tissues.	다중 영상 공간 세포 분석 도구 CytoMAP
32393914	Merritt	2020	Nat Biotechnol	method	spatial_proteomics,spatial_transcriptomics,spatial_multiomics	Multiplex digital spatial profiling of proteins and RNA in fixed tissue.	관심 영역 단위 RNA·단백질 공간 측정(GeoMx DSP)
32414858	Taube	2020	J Immunother Cancer	guideline	spatial_proteomics	The Society for Immunotherapy of Cancer statement on best practices for multiplex immunohistochemistry (IHC) and immunofluorescence (IF) staining and validation.	다중 IHC/IF 염색·검증 모범 사례 성명(SITC)
32763154	Schürch	2020	Cell	landmark	spatial_proteomics	Coordinated Cellular Neighborhoods Orchestrate Antitumoral Immunity at the Colorectal Cancer Invasive Front.	CODEX 대장암 세포 이웃(neighborhood) 분석 기준 연구
30659282	Lundberg	2019	Nat Rev Mol Cell Biol	review	spatial_proteomics,proteomics	Spatial proteomics: a powerful discovery tool for cell biology.	아세포 공간 단백체 방법 리뷰
31427819	Saka	2019	Nat Biotechnol	method	spatial_proteomics	Immuno-SABER enables highly multiplexed and amplified protein imaging in tissues.	DNA 증폭 기반 다중 면역 영상 Immuno-SABER
31633026	Keren	2019	Sci Adv	method	spatial_proteomics	MIBI-TOF: A multiplexed imaging platform relates cellular phenotypes and tissue structure.	MIBIscope 고해상도 다중 이온빔 영상
31798587	Baharlou	2019	Front Immunol	review	spatial_proteomics	Mass Cytometry Imaging for the Study of Human Diseases-Applications and Data Analysis Strategies.	IMC 데이터 분석 전략 리뷰
31892734	Hartmann	2019	Nat Rev Rheumatol	review	spatial_proteomics	Immune monitoring using mass cytometry and related high-dimensional imaging approaches.	질량 세포분석·고차원 영상 면역 모니터링 리뷰
29969450	McQuin	2018	PLoS Biol	method	spatial_proteomics,spatial_transcriptomics	CellProfiler 3.0: Next-generation image processing for biology.	영상 세포 분할·특징 추출 CellProfiler 3
29993362	Lin	2018	Elife	method	spatial_proteomics	Highly multiplexed immunofluorescence imaging of human tissues and tumors using t-CyCIF and conventional optical microscopes.	조직용 순환 면역형광(t-CyCIF) 방법
30072512	Gut	2018	Science	method	spatial_proteomics	Multiplexed protein maps link subcellular organization to cellular states.	반복 면역형광 4i로 아세포 단백질 지도를 만든 방법
30078711	Goltsev	2018	Cell	landmark	spatial_proteomics	Deep Profiling of Mouse Splenic Architecture with CODEX Multiplexed Imaging.	CODEX 다중 항체 영상 원조 방법
30193111	Keren	2018	Cell	landmark	spatial_proteomics	A Structured Tumor-Immune Microenvironment in Triple Negative Breast Cancer Revealed by Multiplexed Ion Beam Imaging.	MIBI-TOF로 종양 면역 공간 구조를 정량한 대표 연구
28495876	Thul	2017	Science	landmark	spatial_proteomics,proteomics	A subcellular map of the human proteome.	인간 단백질 아세포 위치 지도(HPA)
28783155	Schapiro	2017	Nat Methods	method	spatial_proteomics	histoCAT: analysis of cell phenotypes and interactions in multiplex image cytometry data.	다중 영상 단일세포 이웃 분석 도구 histoCAT
27135535	Bodenmiller	2016	Cell Syst	review	spatial_proteomics	Multiplexed Epitope-Based Tissue Imaging for Discovery and Healthcare Applications.	에피토프 기반 다중 조직 영상 기술 리뷰
25613900	Uhlén	2015	Science	landmark	spatial_proteomics,proteomics	Proteomics. Tissue-based map of the human proteome.	조직 단위 인간 단백체 지도(HPA)
26399630	Lin	2015	Nat Commun	method	spatial_proteomics	Highly multiplexed imaging of single cells using a high-throughput cyclic immunofluorescence method.	순환 면역형광(CycIF) 원조 방법
24584119	Angelo	2014	Nat Med	landmark	spatial_proteomics	Multiplexed ion beam imaging of human breast tumors.	다중 이온빔 영상(MIBI) 원조 방법
24584193	Giesen	2014	Nat Methods	landmark	spatial_proteomics	Highly multiplexed imaging of tumor tissues with subcellular resolution by mass cytometry.	영상 질량 세포분석(IMC)을 처음 제시한 논문
41526977	Cervilla	2026	Genome Biol	benchmark	spatial_transcriptomics	A technical comparison of spatial transcriptomics platforms across six cancer types.	여섯 암종에서 공간 전사체 플랫폼 기술 비교
41952215	Ku	2026	Genome Biol	benchmark	spatial_transcriptomics	Benchmarking tools for deciphering cellular crosstalk in spatially-resolved transcriptomics.	공간 전사체 세포 간 상호작용 추정 도구 벤치마크
40156041	Du	2025	Genome Biol	benchmark	spatial_transcriptomics	Benchmarking spatial transcriptomics technologies with the multi-sample SpatialBenchVisium dataset.	다중 시료 Visium 벤치마크 데이터셋
40542418	Rademacher	2025	Genome Biol	benchmark	spatial_transcriptomics	Comparison of spatial transcriptomics technologies using tumor cryosections.	종양 동결 절편에서 공간 전사체 기술 비교
40968359	Li	2025	Genome Biol	benchmark	spatial_transcriptomics	Systematic benchmarking of computational methods to identify spatially variable genes.	공간 가변 유전자 검출법 체계 벤치마크
41024097	Dong	2025	Genome Biol	benchmark	spatial_transcriptomics	Benchmarking multi-slice integration and downstream applications in spatial transcriptomics data analysis.	다중 절편 통합과 후속 분석 방법 벤치마크
41034612	Chen	2025	Nat Methods	method	spatial_transcriptomics,spatial_proteomics,spatial_multiomics	Giotto Suite: a multiscale and technology-agnostic spatial multiomics analysis ecosystem.	기술 무관 공간 멀티오믹스 분석 생태계 Giotto Suite
41107232	Ren	2025	Nat Commun	benchmark	spatial_transcriptomics	Systematic benchmarking of high-throughput subcellular spatial transcriptomics platforms across human tumors.	고처리량 아세포 해상도 공간 전사체 플랫폼 벤치마크
41168487	Tejada-Lapuerta	2025	Nat Methods	method	spatial_transcriptomics,single_cell_rna_seq	Nicheformer: a foundation model for single-cell and spatial omics.	단일세포·공간 오믹스 파운데이션 모델 Nicheformer
41266321	Wang	2025	Nat Commun	benchmark	spatial_transcriptomics	Systematic benchmarking of imaging spatial transcriptomics platforms in FFPE tissues.	FFPE 조직에서 영상 기반 공간 전사체 플랫폼 체계 비교
38413725	Singhal	2024	Nat Genet	method	spatial_transcriptomics,spatial_proteomics	BANKSY unifies cell typing and tissue domain segmentation for scalable spatial omics data analysis.	이웃 정보로 세포유형과 도메인을 나누는 BANKSY
38491270	Yuan	2024	Nat Methods	benchmark	spatial_transcriptomics	Benchmarking spatial clustering methods with spatially resolved transcriptomics data.	공간 클러스터링 방법 체계적 벤치마크
38509327	Marconato	2024	Nat Methods	method	spatial_transcriptomics,spatial_proteomics,spatial_multiomics	SpatialData: an open and universal data framework for spatial omics.	여러 공간 오믹스 형식을 묶는 데이터 표준 SpatialData
38787371	Sang-Aram	2024	Elife	benchmark	spatial_transcriptomics	Spotless, a reproducible pipeline for benchmarking cell type deconvolution in spatial transcriptomics.	재현 가능한 디컨볼루션 벤치마크 파이프라인 Spotless
38862483	Blampey	2024	Nat Commun	method	spatial_transcriptomics,spatial_proteomics	Sopa: a technology-invariant pipeline for analyses of image-based spatial omics.	영상 기반 공간 오믹스 분석 파이프라인 Sopa
38965443	You	2024	Nat Methods	benchmark	spatial_transcriptomics	Systematic comparison of sequencing-based spatial transcriptomic methods.	서열 기반 공간 전사체 방법 체계 비교
39123269	Hu	2024	Genome Biol	benchmark	spatial_transcriptomics	Benchmarking clustering, alignment, and integration methods for spatial transcriptomics.	공간 클러스터링·정렬·통합 방법 벤치마크
36690742	Cang	2023	Nat Methods	method	spatial_transcriptomics	Screening cell-cell communication in spatial transcriptomics via collective optimal transport.	최적수송으로 공간 세포 간 신호를 추정하는 COMMOT
36941264	Li	2023	Nat Commun	benchmark	spatial_transcriptomics	A comprehensive benchmarking with practical guidelines for cellular deconvolution of spatial transcriptomics.	공간 디컨볼루션 방법 벤치마크와 실무 지침
37429865	Weber	2023	Nat Commun	method	spatial_transcriptomics	nnSVG for the scalable identification of spatially variable genes using nearest-neighbor Gaussian processes.	대규모 데이터용 SVG 검출 nnSVG
37535749	Bressan	2023	Science	review	spatial_transcriptomics,spatial_proteomics,spatial_metabolomics,spatial_epigenomics,spatial_multiomics	The dawn of spatial omics.	공간 오믹스 전 분야의 기술과 과제를 정리한 리뷰
37723583	Charitakis	2023	Genome Biol	benchmark	spatial_transcriptomics	Disparities in spatially variable gene calling highlight the need for benchmarking spatial transcriptomics methods.	SVG 검출 결과 불일치를 보인 벤치마크 필요성 논문
38066188	Varrone	2023	Nat Genet	method	spatial_transcriptomics,spatial_proteomics	CellCharter reveals spatial cell niches associated with tissue remodeling and cell plasticity.	공간 세포 니치를 찾는 CellCharter
38114474	Janesick	2023	Nat Commun	method	spatial_transcriptomics	High resolution mapping of the tumor microenvironment using integrated single-cell, spatial and in situ analysis.	Xenium 인시투 플랫폼 성능과 분석을 소개한 논문
35027729	Kleshchevnikov	2022	Nat Biotechnol	method	spatial_transcriptomics	Cell2location maps fine-grained cell types in spatial transcriptomics.	베이지안 디컨볼루션으로 세포유형 지도를 만드는 cell2location
35102346	Palla	2022	Nat Methods	method	spatial_transcriptomics,spatial_proteomics,spatial_multiomics	Squidpy: a scalable framework for spatial omics analysis.	공간 이웃·패턴 분석 표준 파이썬 프레임워크(Squidpy)
35273392	Moses	2022	Nat Methods	review	spatial_transcriptomics	Museum of spatial transcriptomics.	공간 전사체 기술과 분석 도구의 역사를 총정리한 리뷰
35365632	Dong	2022	Nat Commun	method	spatial_transcriptomics	Deciphering spatial domains from spatially resolved transcriptomics with an adaptive graph attention auto-encoder.	그래프 어텐션 오토인코더로 공간 도메인을 찾는 STAGATE
35422018	Tanevski	2022	Genome Biol	method	spatial_transcriptomics,spatial_proteomics	Explainable multiview framework for dissecting spatial relationships from highly multiplexed data.	공간 맥락 기여도를 분해하는 MISTy
35482478	Righelli	2022	Bioinformatics	method	spatial_transcriptomics	SpatialExperiment: infrastructure for spatially-resolved transcriptomics data in R using Bioconductor.	공간 전사체용 Bioconductor 데이터 구조 SpatialExperiment
35512705	Chen	2022	Cell	method	spatial_transcriptomics	Spatiotemporal transcriptomic atlas of mouse organogenesis using DNA nanoball-patterned arrays.	나노볼 기반 대면적 공간 전사체 Stereo-seq
35577954	Li	2022	Nat Methods	benchmark	spatial_transcriptomics,single_cell_rna_seq	Benchmarking spatial and single-cell transcriptomics integration methods for transcript distribution prediction and cell type deconvolution.	단일세포-공간 통합(디컨볼루션·유전자 대치) 방법 벤치마크
35577957	Zeira	2022	Nat Methods	method	spatial_transcriptomics	Alignment and integration of spatial transcriptomics data.	인접 절편 정렬·통합 PASTE
35761361	Williams	2022	Genome Med	review	spatial_transcriptomics	An introduction to spatial transcriptomics for biomedical research.	생의학 연구자를 위한 공간 전사체 실험·분석 입문 리뷰
35859028	Moffitt	2022	Nat Rev Genet	review	spatial_transcriptomics,spatial_proteomics,spatial_epigenomics,spatial_multiomics	The emerging landscape of spatial profiling technologies.	공간 프로파일링 기술 전반(RNA·단백질·후성유전)을 정리한 리뷰
36192637	Tian	2022	Nat Biotechnol	review	spatial_transcriptomics	The expanding vistas of spatial transcriptomics.	공간 전사체 기술 발전과 한계를 정리한 리뷰
33408395	Marx	2021	Nat Methods	review	spatial_transcriptomics	Method of the Year: spatially resolved transcriptomics.	공간 전사체를 올해의 방법으로 정리한 개관
33544846	Elosua-Bayes	2021	Nucleic Acids Res	method	spatial_transcriptomics	SPOTlight: seeded NMF regression to deconvolute spatial transcriptomics spots with single-cell transcriptomes.	NMF 기반 스팟 디컨볼루션 SPOTlight
33603203	Cable	2021	Nat Biotechnol	method	spatial_transcriptomics	Robust decomposition of cell type mixtures in spatial transcriptomics.	참조 scRNA로 스팟 세포유형을 분해하는 RCTD
33685491	Dries	2021	Genome Biol	method	spatial_transcriptomics,spatial_proteomics	Giotto: a toolbox for integrative analysis and visualization of spatial expression data.	공간 데이터 분석·시각화 통합 도구 Giotto
34083791	Zhao	2021	Nat Biotechnol	method	spatial_transcriptomics	Spatial transcriptomics at subspot resolution with BayesSpace.	공간 클러스터링과 해상도 향상을 하는 BayesSpace
34145435	Longo	2021	Nat Rev Genet	review	spatial_transcriptomics,single_cell_rna_seq	Integrating single-cell and spatial transcriptomics to elucidate intercellular tissue dynamics.	단일세포와 공간 전사체 통합 분석 전략 리뷰
34341583	Lewis	2021	Nat Methods	review	spatial_transcriptomics,spatial_proteomics	Spatial omics and multiplexed imaging to explore cancer biology.	암 연구용 공간 오믹스와 다중 영상 기술 리뷰
34381231	Rao	2021	Nature	review	spatial_transcriptomics	Exploring tissue architecture using spatial transcriptomics.	공간 전사체 기술 비교와 분석 흐름을 정리한 리뷰
34650268	Petukhov	2021	Nat Biotechnol	method	spatial_transcriptomics,spatial_proteomics	Cell segmentation in imaging-based spatial transcriptomics.	분자 위치로 세포 분할을 하는 Baysor
34711970	Hu	2021	Nat Methods	method	spatial_transcriptomics	SpaGCN: Integrating gene expression, spatial location and histology to identify spatial domains and spatially variable genes by graph convolutional network.	조직학 정보를 쓰는 그래프 기반 공간 도메인 검출 SpaGCN
34711971	Biancalani	2021	Nat Methods	method	spatial_transcriptomics,single_cell_rna_seq	Deep learning and alignment of spatially resolved single-cell transcriptomes with Tangram.	scRNA를 공간 좌표에 사상하는 Tangram
31988518	Sun	2020	Nat Methods	method	spatial_transcriptomics	Statistical analysis of spatial expression patterns for spatially resolved transcriptomic studies.	통계적으로 보정된 SVG 검출법 SPARK
33288904	Stickels	2020	Nat Biotechnol	method	spatial_transcriptomics	Highly sensitive spatial transcriptomics at near-cellular resolution with Slide-seqV2.	Slide-seqV2로 근세포 해상도 공간 전사체 감도를 끌어올린 방법
33318659	Stringer	2020	Nat Methods	method	spatial_transcriptomics,spatial_proteomics	Cellpose: a generalist algorithm for cellular segmentation.	영상 기반 공간 데이터 세포 분할의 범용 도구 Cellpose
30911168	Eng	2019	Nature	landmark	spatial_transcriptomics	Transcriptome-scale super-resolved imaging in tissues by RNA seqFISH.	seqFISH+로 1만 유전자를 영상 기반으로 측정한 방법
30923225	Rodriques	2019	Science	landmark	spatial_transcriptomics	Slide-seq: A scalable technology for measuring genome-wide expression at high spatial resolution.	비드 어레이 기반 고해상도 공간 전사체(Slide-seq) 원조 방법
31501547	Vickovic	2019	Nat Methods	method	spatial_transcriptomics	High-definition spatial transcriptomics for in situ tissue profiling.	2 μm 비드 고해상도 공간 전사체 HDST
29553579	Svensson	2018	Nat Methods	method	spatial_transcriptomics	SpatialDE: identification of spatially variable genes.	공간 가변 유전자(SVG) 검정의 출발점인 SpatialDE
29930089	Wang	2018	Science	method	spatial_transcriptomics	Three-dimensional intact-tissue sequencing of single-cell transcriptional states.	조직 내 3차원 인시투 서열 분석 STARmap
30353172	Salmén	2018	Nat Protoc	protocol	spatial_transcriptomics	Barcoded solid-phase RNA capture for Spatial Transcriptomics profiling in mammalian tissue sections.	고체상 바코드 캡처 공간 전사체 실험 프로토콜
27365449	Ståhl	2016	Science	landmark	spatial_transcriptomics	Visualization and analysis of gene expression in tissue sections by spatial transcriptomics.	조직 절편 바코드 어레이로 공간 전사체를 처음 정립한 기준 논문
25858977	Chen	2015	Science	landmark	spatial_transcriptomics	RNA imaging. Spatially resolved, highly multiplexed RNA profiling in single cells.	오류 교정 바코드를 쓰는 다중 FISH(MERFISH) 원리를 세운 논문
24578530	Lee	2014	Science	landmark	spatial_transcriptomics	Highly multiplexed subcellular RNA sequencing in situ.	조직 안에서 직접 RNA를 서열 분석한 FISSEQ
42260234	Paulin	2026	Nat Protoc	protocol	structural_variant_calling,ont_long_read,pacbio_long_read	Structural variant calling using Sniffles2	Sniffles2 SV 호출 실행 프로토콜
38168980	Smolka	2024	Nat Biotechnol	method	structural_variant_calling,ont_long_read,pacbio_long_read	Detection of mosaic and population-level structural variants with Sniffles2.	Sniffles2: 모자이크·집단 수준 SV 검출
36658279	Kirsche	2023	Nat Methods	method	structural_variant_calling	Jasmine and Iris: population-scale structural variant comparison and analysis.	Jasmine: 집단 수준 SV 병합·비교
35753701	Sarwal	2022	Brief Bioinform	benchmark	structural_variant_calling	A comprehensive benchmarking of WGS-based deletion structural variant callers.	WGS 결실 SV 콜러 정밀도·민감도 벤치마크
36575487	English	2022	Genome Biol	method	structural_variant_calling	Truvari: refined structural variant comparison preserves allelic diversity.	Truvari: SV 콜 비교·벤치마크 도구
33632895	Ebert	2021	Science	landmark	structural_variant_calling,ont_long_read,pacbio_long_read,pangenomics,de_novo_genome_assembly	Haplotype-resolved diverse human genomes and integrated analysis of structural variation.	하플로타입 해석 다양 게놈 SV 통합 분석(HGSVC2)
34034781	Belyeu	2021	Genome Biol	method	structural_variant_calling	Samplot: a platform for structural variant visual validation and automated filtering.	Samplot: SV 시각 검증과 자동 필터링
32460305	Abel	2020	Nature	landmark	structural_variant_calling,gwas	Mapping and characterization of structural variation in 17,795 human genomes.	17,795 게놈 SV 매핑·특성화
32461652	Collins	2020	Nature	landmark	structural_variant_calling,rare_disease_genomics	A structural variation reference for medical and population genetics.	gnomAD-SV 의학·집단유전학 SV 참조
32504078	Logsdon	2020	Nat Rev Genet	review	structural_variant_calling,ont_long_read,pacbio_long_read,de_novo_genome_assembly	Long-read human genome sequencing and its applications.	장 읽기 인간 게놈 시퀀싱과 SV 검출 응용 리뷰
32541955	Zook	2020	Nat Biotechnol	benchmark	structural_variant_calling,germline_wgs_wes	A robust benchmark for detection of germline large deletions and insertions.	GIAB HG002 대형 결실·삽입 SV 벤치마크
32746918	Jiang	2020	Genome Biol	method	structural_variant_calling,ont_long_read,pacbio_long_read	Long-read-based human genomic structural variation detection with cuteSV.	cuteSV: 장 읽기 SV 검출
33347570	Zarate	2020	Gigascience	method	structural_variant_calling	Parliament2: Accurate structural variant calling at scale.	Parliament2: 다중 콜러 합의 SV 콜
30668829	Heller	2019	Bioinformatics	method	structural_variant_calling,ont_long_read,pacbio_long_read	SVIM: structural variant identification using mapped long reads.	SVIM: 장 읽기 정렬 기반 SV 식별
30992455	Chaisson	2019	Nat Commun	landmark	structural_variant_calling,ont_long_read,pacbio_long_read	Multi-platform discovery of haplotype-resolved structural variation in human genomes.	다중 플랫폼 하플로타입 해석 SV 발견(HGSVC)
31159850	Kosugi	2019	Genome Biol	benchmark	structural_variant_calling	Comprehensive evaluation of structural variation detection algorithms for whole genome sequencing.	WGS SV 검출 알고리즘 69종 종합 평가
31218349	Larson	2019	Bioinformatics	method	structural_variant_calling	svtools: population-scale analysis of structural variation.	svtools: 집단 규모 SV 분석
31222198	Pedersen	2019	Gigascience	method	structural_variant_calling	Duphold: scalable, depth-based annotation and curation of high-confidence structural variant calls.	duphold: 심도 기반 SV 콜 주석·필터
31324872	Cameron	2019	Nat Commun	benchmark	structural_variant_calling	Comprehensive evaluation and characterisation of short read general-purpose structural variant calling software.	짧은 읽기 범용 SV 콜러 종합 평가
31729472	Ho	2019	Nat Rev Genet	review	structural_variant_calling	Structural variation in the sequencing era.	시퀀싱 시대 구조변이 검출·해석 리뷰
31747936	Mahmoud	2019	Genome Biol	review	structural_variant_calling,ont_long_read,pacbio_long_read	Structural variant calling: the long and the short of it.	단·장 읽기 SV 콜 방법과 한계 리뷰
31776332	Eggertsson	2019	Nat Commun	method	structural_variant_calling,gwas	GraphTyper2 enables population-scale genotyping of structural variation using pangenome graphs.	GraphTyper2: 판게놈 그래프로 집단 규모 SV 유전형
31856913	Chen	2019	Genome Biol	method	structural_variant_calling	Paragraph: a graph-based structural variant genotyper for short-read sequence data.	Paragraph: 그래프 기반 짧은 읽기 SV 유전형
29300834	Antaki	2018	Bioinformatics	method	structural_variant_calling,rare_disease_genomics	SV2: accurate structural variation genotyping and de novo mutation detection from whole genomes.	SV2: SV 유전형과 de novo SV 검출
29599501	Sedlazeck	2018	Nat Rev Genet	review	structural_variant_calling,ont_long_read,pacbio_long_read	Piercing the dark matter: bioinformatics of long-range sequencing and mapping	롱리드가 숏리드로 못 보는 영역과 SV를 밝히는 방식 리뷰
29713083	Sedlazeck	2018	Nat Methods	method	structural_variant_calling,ont_long_read,pacbio_long_read	Accurate detection of complex structural variations using single-molecule sequencing.	Sniffles: 장 읽기 복합 SV 검출
28117401	Jeffares	2017	Nat Commun	method	structural_variant_calling	Transient structural variations have strong effects on quantitative traits and reproductive isolation in fission yeast.	SV 콜 병합 도구 SURVIVOR를 처음 소개한 연구
29097403	Cameron	2017	Genome Res	method	structural_variant_calling,somatic_wgs_wes	GRIDSS: sensitive and specific genomic rearrangement detection using positional de Bruijn graph assembly.	GRIDSS: 조립 기반 게놈 재배열 검출
29109544	Cretu Stancu	2017	Nat Commun	method	structural_variant_calling,ont_long_read,rare_disease_genomics	Mapping and phasing of structural variation in patient genomes using nanopore sequencing.	나노포어로 환자 게놈 SV 매핑·위상화
26258291	Chiang	2015	Nat Methods	method	structural_variant_calling,germline_wgs_wes	SpeedSeq: ultra-fast personal genome analysis and interpretation.	SpeedSeq: 정렬·변이·SV 콜 통합 파이프라인
26432246	Sudmant	2015	Nature	landmark	structural_variant_calling	An integrated map of structural variation in 2,504 human genomes.	1000 Genomes 2,504명 SV 통합 지도
26647377	Chen	2015	Bioinformatics	method	structural_variant_calling,germline_wgs_wes,somatic_wgs_wes	Manta: rapid detection of structural variants and indels for germline and cancer sequencing applications.	Manta: 생식세포·암 SV·indel 검출
24970577	Layer	2014	Genome Biol	method	structural_variant_calling	LUMPY: a probabilistic framework for structural variant discovery.	LUMPY: 확률적 통합 SV 발견
22962449	Rausch	2012	Bioinformatics	method	structural_variant_calling,somatic_wgs_wes	DELLY: structural variant discovery by integrated paired-end and split-read analysis.	DELLY: paired-end·split-read 통합 SV 발견
21324876	Abyzov	2011	Genome Res	method	structural_variant_calling,germline_wgs_wes	CNVnator: an approach to discover, genotype, and characterize typical and atypical CNVs from family and population genome sequencing.	CNVnator: 리드 심도 기반 CNV 발견·유전형
33471068	Posada-Céspedes	2021	Bioinformatics	method	viral_genomics	V-pipe: a computational pipeline for assessing viral genetic diversity from high-throughput data.	바이러스 유전 다양성(준종) 분석 end-to-end 파이프라인
33522966	Guo	2021	Microbiome	method	viral_genomics,metagenome_assembly	VirSorter2: a multi-classifier, expert-guided approach to detect diverse DNA and RNA viruses.	메타게놈 contig에서 DNA·RNA 바이러스를 가려내는 다중 분류기
33972780	Turakhia	2021	Nat Genet	method	viral_genomics,phylogenetics	Ultrafast Sample placement on Existing tRees (UShER) enables real-time phylogenetics for the SARS-CoV-2 pandemic.	대규모 SARS-CoV-2 계통수에 새 서열을 빠르게 배치하는 UShER
34527285	O'Toole	2021	Virus Evol	method	viral_genomics	Assignment of epidemiological lineages in an emerging pandemic using the pangolin tool.	pangolin으로 SARS-CoV-2 계통을 배정하는 방법과 한계
32669681	Rambaut	2020	Nat Microbiol	landmark	viral_genomics,phylogenetics	A dynamic nomenclature proposal for SARS-CoV-2 lineages to assist genomic epidemiology.	SARS-CoV-2 Pango 계통 명명 체계를 정의한 논문
33349699	Nayfach	2020	Nat Biotechnol	method	viral_genomics,metagenome_assembly	CheckV assesses the quality and completeness of metagenome-assembled viral genomes.	메타게놈에서 복원한 바이러스 유전체의 완성도·오염 평가 도구
30621750	Grubaugh	2019	Genome Biol	method	viral_genomics	An amplicon-based sequencing framework for accurately measuring intrahost virus diversity using PrimalSeq and iVar.	amplicon 바이러스 시퀀싱의 primer trimming과 숙주 내 변이 검출 기준(iVar)
30918369	Chiu	2019	Nat Rev Genet	review	viral_genomics,metagenomic_taxonomy	Clinical metagenomics.	임상 메타게놈 시퀀싱 병원체 검출 방법과 검증 리뷰
29790939	Hadfield	2018	Bioinformatics	method	viral_genomics,phylogenetics	Nextstrain: real-time tracking of pathogen evolution.	병원체 유전체 실시간 계통 추적 파이프라인 Nextstrain
30556814	Roux	2018	Nat Biotechnol	guideline	viral_genomics,metagenome_assembly	Minimum Information about an Uncultivated Virus Genome (MIUViG).	배양되지 않은 바이러스 유전체 보고 최소 정보 표준(MIUViG)
28090077	Houldcroft	2017	Nat Rev Microbiol	review	viral_genomics	Clinical and biological insights from viral genome sequencing.	바이러스 유전체 시퀀싱 접근법과 임상·생물학적 활용 리뷰
28134265	Simmonds	2017	Nat Rev Microbiol	guideline	viral_genomics,phylogenetics	Consensus statement: Virus taxonomy in the age of metagenomics.	메타게놈 서열만으로 바이러스 분류군을 정하는 ICTV 합의문
28382917	Shu	2017	Euro Surveill	landmark	viral_genomics	GISAID: Global initiative on sharing all influenza data - from vision to reality.	인플루엔자·SARS-CoV-2 유전체 공유 플랫폼 GISAID 소개
28538739	Quick	2017	Nat Protoc	protocol	viral_genomics,ont_long_read	Multiplex PCR method for MinION and Illumina sequencing of Zika and other virus genomes directly from clinical samples.	tiled multiplex PCR로 임상검체 바이러스 전장 유전체를 MinION·Illumina로 읽는 ARTIC 프로토콜
29129921	Gardy	2017	Nat Rev Genet	review	viral_genomics,phylogenetics	Towards a genomics-informed, real-time, global pathogen surveillance system.	유전체 기반 실시간 병원체 감시 체계의 구성 요소 리뷰
